k-아파트명,주소(시군구),좌표X,좌표Y
우리유앤미,동작구,126.9596386,37.5006676
송파파인타운13단지,송파구,127.1291789,37.4768967
오금현대백조(임대),송파구,127.1287745,37.5089058
개봉건영,구로구,126.8406749,37.5011622
월계동원베네스트,노원구,127.0582196,37.631732
양재우성KBS(113동),서초구,127.0290739,37.4775008
천호삼익,강동구,127.1284727,37.5485886
자양경남아너스빌,광진구,127.083991,37.5294321
신사성원,은평구,126.9133122,37.6004574
신월대방샤인힐,양천구,126.8384999,37.5204711
문정3차푸르지오,송파구,127.1332779,37.4871243
잠원한신그린,서초구,127.0078749,37.5133709
천호e-편한세상,강동구,127.1243522,37.5443727
경희궁의아침3단지,종로구,126.9720155,37.5736451
성내2차e-편한세상,강동구,127.1264298,37.53436
사당유니드,동작구,126.9752458,37.493362
신내다우훼밀리,중랑구,127.0971514,37.6060585
명일삼익그린11차,강동구,127.1504982,37.5518066
공릉대동1차,노원구,127.072532,37.6198604
오류동선,구로구,126.8394712,37.4936836
여의도초원,영등포구,126.9231927,37.5309637
목동금강에스쁘아,양천구,126.8714021,37.5380526
방학신동아5단지,도봉구,127.0285219,37.6636195
공릉신원,노원구,127.0751067,37.6277644
신정학마을3단지,양천구,126.8472095,37.5115753
신내우남푸르미아,중랑구,127.0987566,37.6061739
엠브이아파트,서초구,127.0102751,37.4992014
쌍문동북한산월드메르디앙,도봉구,127.0139503,37.653846
독산진도2차,금천구,126.8922168,37.4700234
독산계룡,금천구,126.8927936,37.4671531
목동대원칸타빌,양천구,126.8650937,37.5285923
신도림우성5차,구로구,126.8837922,37.5127235
마곡서광2차아파트,강서구,126.8106819,37.5720228
서초1차e편한세상,서초구,127.0067349,37.4812021
목동성원,양천구,126.8699072,37.5358469
북한산수자인,은평구,126.9321696,37.6216983
브라운스톤쌍문,도봉구,127.0295935,37.6471154
도곡동양재디오빌,강남구,127.0335386,37.4864782
유원목동,양천구,126.8736268,37.5217974
천호현대,강동구,127.1329005,37.5383992
중화극동,중랑구,127.0837949,37.6036519
신림현대성우,관악구,126.9372705,37.4837087
평창롯데,종로구,126.9756922,37.6091332
문정세양청마루,송파구,127.1370266,37.4924314
보라매갑을,관악구,126.9219256,37.4891251
성수두산위브,성동구,127.0584774,37.5372327
신도림쌍용플래티넘노블,구로구,126.8912982,37.5009591
대림갑을명가,영등포구,126.9036771,37.4956182
공릉1동삼익,노원구,127.0723375,37.6181002
자양한강극동,광진구,127.0644764,37.5336956
청담삼성1차,강남구,127.0478619,37.5194421
창동현대타운(주복),도봉구,127.0352336,37.6470839
성수금호3차,성동구,127.0504009,37.5420274
도봉서광,도봉구,127.049861,37.6783964
묵동세방,중랑구,127.0835522,37.6153547
광장11현대홈타운,광진구,127.0969941,37.5430085
서초2차e편한세상,서초구,127.0090583,37.4862357
휘경서울가든,동대문구,127.0711253,37.5841565
가락현대6차,송파구,127.1226268,37.4972327
여의도화랑,영등포구,126.9355476,37.5221449
문래진주,영등포구,126.8847882,37.5171755
신길삼두,영등포구,126.9238594,37.5143228
논현동부센트레빌,강남구,127.0376735,37.5103594
응암경남,은평구,126.9203156,37.5833193
서초현대4차,서초구,127.0178518,37.5003507
역삼휴먼터치빌,강남구,127.0338294,37.5064114
방화진로,강서구,126.8084237,37.5770526
잠원킴스빌리지,서초구,127.0067114,37.5109145
강서월드메르디앙,강서구,126.843127,37.5568955
구로대성스카이렉스,구로구,126.8909539,37.4994441
마포경남아너스빌,마포구,126.934029,37.5487707
방배브라운가,서초구,126.9919326,37.4835259
면목신성미소지움,중랑구,127.0961012,37.587218
서초3차e편한세상,서초구,127.0077138,37.4785869
종암우림카이저팰리스,성북구,127.0334853,37.6018897
길동우성1차,강동구,127.1445299,37.5432755
가락우성2차아파트,송파구,127.1255185,37.4918819
상도동원베네스트,동작구,126.9444312,37.5029264
고척경남1차,구로구,126.8627712,37.5052906
묵동동구햇살,중랑구,127.0747746,37.613353
대방경남아너스빌,동작구,126.9256082,37.5116136
염창2차한화꿈에그린,강서구,126.8668736,37.5515337
역삼경남,강남구,127.0423208,37.5005747
가양중앙하이츠,강서구,126.8492901,37.5698077
보라매두산위브,영등포구,126.9144293,37.4972694
용마산금호어울림,중랑구,127.091721,37.5770579
양평서통한신,영등포구,126.8878466,37.5216885
대망드림힐,노원구,127.0584516,37.6763152
고척양우,구로구,126.8566086,37.504745
동양엔파트,마포구,126.9406061,37.5479468
문정푸르지오2차,송파구,127.1270852,37.4867371
아남,서초구,127.020739,37.4929518
문래현대3차,영등포구,126.8844422,37.5161019
구로금호어울림,구로구,126.8919875,37.5000583
잠원신화,서초구,127.0136875,37.5157083
송파현대힐스테이트,송파구,127.1184957,37.5311152
염창 일신건영휴먼빌아파트,강서구,126.8731713,37.5520432
구로2차순영웰라이빌,구로구,126.891625,37.4960263
신이문금호어울림,동대문구,127.063182,37.6041205
뉴신사신성,은평구,126.9062236,37.5935011
중계성원2차,노원구,127.0752242,37.6611671
방학극동아파트,도봉구,127.0268136,37.6645017
번동동문아파트,강북구,127.0382004,37.6239797
삼성청구타운,강남구,127.0583783,37.5197827
당산신동아파밀리에,영등포구,126.9003963,37.519805
반포삼호가든맨션5차,서초구,127.0115013,37.5039415
한양현대아파트,성동구,127.0479977,37.5455297
등촌임광,강서구,126.8633551,37.5404837
잠원동대우아이빌,서초구,127.0183736,37.5113932
면목성원,중랑구,127.0907522,37.5774892
염창월드메르디앙,강서구,126.8727626,37.5528637
대우디오빌플러스,강남구,127.0311179,37.4975858
신월2차보람쉬움,양천구,126.8369039,37.5243291
정릉2차대주피오레,성북구,127.008977,37.6018169
신금호두산위브,성동구,127.0223133,37.5559626
신월성원,양천구,126.8339527,37.5282122
양평우림루미아트,영등포구,126.8880477,37.5265939
둔촌동동아,강동구,127.1458735,37.5331763
등촌현대1차(한마음),강서구,126.8553276,37.5559066
마곡삼성,강서구,126.8221909,37.5721234
문래미원아파트,영등포구,126.8864037,37.5198906
마장중앙하이츠,성동구,127.039119,37.5654091
청암자이,용산구,126.9467137,37.5351772
목동삼성쉐르빌2차,양천구,126.8704458,37.5216391
남현동한일유앤아이,관악구,126.9735651,37.471705
상계마들,노원구,127.0569566,37.6416927
경향파크아파트,은평구,126.9059489,37.6103948
신대방신동아,동작구,126.9240174,37.4965836
도곡현대그린,강남구,127.0397135,37.4889362
묵동신안2차,중랑구,127.0800228,37.6141168
목동현대아이파크,양천구,126.8650035,37.528994
신월수명산SK-VIEW,양천구,126.8293478,37.5440478
성사1차 풍림아파트,마포구,126.9124027,37.5685044
서빙고금호베스트빌,용산구,126.9917568,37.5230753
신개봉삼환,구로구,126.8579501,37.4966551
마천금호어울림2차,송파구,127.1557137,37.4930747
용마한신2차아파트,중랑구,127.0944705,37.5810758
공릉대아2차,노원구,127.0714453,37.623339
상계성원,노원구,127.0658841,37.6604417
천호유원,강동구,127.1278651,37.5487741
용마동아아파트,중랑구,127.0944957,37.5786737
브라운스톤 방학아파트,도봉구,127.045175,37.6636237
신대방우성2차,동작구,126.9115326,37.4920816
노량진삼익,동작구,126.9451391,37.5109978
양재신영체르니,서초구,127.0413928,37.4791982
평창삼성,종로구,126.9783329,37.6107886
양평상록수,영등포구,126.8835422,37.5237845
신창세방리버하이빌,용산구,126.9541123,37.5370379
가양일신건영휴먼빌,강서구,126.841903,37.5690251
신반포한신14차,서초구,127.002301,37.5087932
이수교스위첸,동작구,126.9810779,37.4976599
삼성하나로,강서구,126.8722863,37.5515375
아남리치카운티,중랑구,127.0849955,37.5892249
자양현대6차,광진구,127.0716693,37.5328509
면목금호어울림,중랑구,127.0892552,37.5773348
신사두산위브,은평구,126.9057246,37.5999489
목동진도2차,양천구,126.873797,37.5256697
양평경남1차,영등포구,126.8885519,37.5272237
양평동삼천리아파트,영등포구,126.8853638,37.5262329
신성수정,은평구,126.9063355,37.5927487
개포우성5차,강남구,127.0475885,37.4859774
신반포15차아파트,서초구,126.9936943,37.5038318
봉천은천1단지,관악구,126.9647078,37.4714734
중동계룡,마포구,126.905875,37.5706353
마곡금호어울림,강서구,126.8376117,37.5746242
중계청암3단지,노원구,127.0797206,37.6608487
래미안수유(임대),강북구,127.0181926,37.6447964
홍은풍림1차,서대문구,126.9420732,37.5949317
망원1차대림,마포구,126.90486,37.5534385
송파파인타운4단지,송파구,127.1296412,37.4818131
목동진도1차,양천구,126.868592,37.5244455
자양현대,광진구,127.0824168,37.5281212
중곡SK,광진구,127.086509,37.5688712
신도신월1차,양천구,126.8468136,37.51794
오류금호어울림,구로구,126.8391422,37.4984546
사당삼익그린뷰,동작구,126.9691308,37.4772227
공덕현대,마포구,126.9501318,37.5482962
창동금용,도봉구,127.0356752,37.6378476
역삼금호어울림,강남구,127.0349001,37.4920882
면목삼호,중랑구,127.088375,37.5763667
양평동보아파트,영등포구,126.8909429,37.5379791
청담삼환,강남구,127.0476322,37.5216958
서초자이,서초구,127.0202181,37.4848719
천호현대타워,강동구,127.1346427,37.5364504
한솔리베르,광진구,127.084689,37.5281456
시흥금강,금천구,126.9080935,37.4630828
상일동아,강동구,127.1675162,37.5461461
염창우성2차,강서구,126.8695201,37.5556867
등촌태영,강서구,126.8641456,37.55566
문래한신,영등포구,126.8840481,37.5193166
신정대성유니드아파트2차,양천구,126.8488666,37.5209773
방화3차우림필유,강서구,126.7983185,37.5733512
화곡2차보람,강서구,126.8546342,37.5540644
청담휴먼스타빌,강남구,127.0460731,37.5237052
창동대동,도봉구,127.0440625,37.6617487
개봉상우,구로구,126.8613898,37.4936411
브라운스톤구산,은평구,126.9092409,37.6115205
구로월드,구로구,126.875877,37.5055458
신월대주파크빌,양천구,126.8426052,37.5144203
성산2차e-편한세상,마포구,126.9053595,37.5697756
포스코더샵스타리버,송파구,127.1044137,37.5177485
도봉현대성우,도봉구,127.0476751,37.676276
월계한일1차,노원구,127.0615753,37.6219737
공릉대동2차,노원구,127.0701721,37.6266546
쌍문대우파크힐아파트,도봉구,127.0292393,37.6515473
등촌코오롱오투빌1차,강서구,126.8582916,37.5560031
예성그린캐슬아파트,중랑구,127.1020462,37.597046
공릉대주파크빌,노원구,127.0722615,37.6211799
코오롱하늘채아파트,은평구,126.9109852,37.6232165
쌍문현대2차,도봉구,127.0300422,37.6593237
서울아파트관리사무소,영등포구,126.9311508,37.5270586
이촌반도,용산구,126.9819539,37.5170003
신수세양청마루,마포구,126.9368027,37.5477681
녹번현대2차,은평구,126.9246203,37.6051208
중계진로유통조합아파트(중계진로대림아파트),노원구,127.0820882,37.6486779
홍제남양,서대문구,126.9381745,37.5887933
공덕한화꿈에그린,마포구,126.9554496,37.5471128
방배3차e편한세상,서초구,126.9917515,37.4943275
갈현한솔아파트,은평구,126.9100162,37.6181006
묵동금호어울림,중랑구,127.0800529,37.6127305
정릉쌍용,성북구,127.0183398,37.5995474
장안2차현대홈타운,동대문구,127.0715649,37.5685321
서초한신플러스타운,서초구,127.0138848,37.4824547
창동성원,도봉구,127.0497889,37.660802
북한산한신휴플러스,도봉구,127.0464538,37.654516
오금우방,송파구,127.1395964,37.501501
둔촌현대2차,강동구,127.1408785,37.5300052
도화현대,마포구,126.9539119,37.5402834
염창우성3차,강서구,126.8674295,37.5512975
여의도장미,영등포구,126.9342433,37.5234281
정릉우방아파트,성북구,127.0097457,37.6002122
DMC청구,은평구,126.9014333,37.5811202
청담대우유로카운티,강남구,127.0500382,37.5235176
현대공무원,금천구,126.9106809,37.4540267
도곡대림,강남구,127.040409,37.4866347
신림초원,관악구,126.9141266,37.4734101
경향렉스빌아파트,동작구,126.9422939,37.4952643
DMC휴먼빌,서대문구,126.912154,37.5773849
망우신원,중랑구,127.1084773,37.5999879
천호코오롱,강동구,127.1283799,37.5394858
삼성현대,강남구,127.044375,37.5167109
개포현대3차,강남구,127.0613626,37.4878695
하월곡아남,성북구,127.0347011,37.6056942
양평경남2차아너스빌,영등포구,126.8962196,37.5357495
공릉신성미소지움,노원구,127.0810608,37.6250356
불광대호2차,은평구,126.9328692,37.6147577
월계극동,노원구,127.0459205,37.6295448
마천금호,송파구,127.1533259,37.4947152
방배1차이편한세상,서초구,126.9992461,37.4875435
우성캐릭터199 아파트,강남구,127.0518892,37.4865208
면목마젤란,중랑구,127.0841438,37.5868369
신반포한신23차,서초구,127.0011826,37.5094382
목동성원,양천구,126.8693341,37.5264032
갈현미미,은평구,126.913541,37.6189819
당산삼익,영등포구,126.8953498,37.5279629
도림청구,영등포구,127.1088843,37.549662
신월서울가든,양천구,126.848656,37.5252901
코오롱하늘채아파트,강서구,126.8606406,37.554268
도봉파크빌3단지,도봉구,127.048658,37.6876334
문래대림,영등포구,126.8880592,37.5170201
보라매코오롱하늘채,동작구,126.9231264,37.4985351
신림우방,관악구,126.9188034,37.4889489
창동현대4차아이파크,도봉구,127.0459487,37.6589076
창동한신,도봉구,127.0349775,37.6457291
마곡현대아파트,강서구,126.8192912,37.5730247
번동한진,강북구,127.0446321,37.6248335
성수한강한신,성동구,127.0527166,37.5358423
염창1차보람더하임아파트,강서구,126.8703148,37.5516408
삼창타워프라자,노원구,127.0726659,37.6589806
봉천벽산타운2차,관악구,126.9460383,37.49251
암사동한솔아파트,강동구,127.1403182,37.5520769
성내1차e-편한세상,강동구,127.1309281,37.5332423
동양파라곤,강남구,127.0381516,37.5147528
우장산에스케이뷰,강서구,126.8430656,37.5481674
자양한강현대,광진구,127.066837,37.5330936
안암삼익,성북구,127.0248881,37.5818996
대주피오레아파트,은평구,126.9236175,37.5867673
신도림대림3차,구로구,126.8783359,37.5070754
고척우성꿈동산,구로구,126.8659412,37.5033206
창동대림,도봉구,127.045737,37.6534648
도봉극동아파트,도봉구,127.0496186,37.6825214
당산성원아파트,영등포구,126.8991652,37.5346101
신정명지해드는터,양천구,126.8723424,37.5188309
개화산동부센트레빌,강서구,126.8061003,37.5732767
창동현대,도봉구,127.0408817,37.6557963
동부2차아파트,구로구,126.8487072,37.4971316
응암신동아,은평구,126.923497,37.5969983
대방우정,동작구,126.9301341,37.5142635
역삼동부센트레빌,강남구,127.0493831,37.5024446
우장산롯데3차,강서구,126.8469523,37.5526254
목동극동늘푸른,양천구,126.8714519,37.5385437
삼정그린코아,강서구,126.8751245,37.5476791
염창벽산늘푸른,강서구,126.8661662,37.5580776
마곡한숲대림아파트,강서구,126.8175188,37.5771877
건영월드컵,마포구,126.9117669,37.5688306
현대멤피스아파트,서초구,126.9892632,37.4940815
송파동부센트레빌,송파구,127.1092616,37.5004853
상계불암대림제2,노원구,127.0779474,37.6639068
구로성호주상복합,구로구,126.891368,37.4969204
관악산신도브래뉴,금천구,126.9106575,37.4479487
잠원한신로얄,서초구,127.009318,37.5135903
서서울삼성아파트,마포구,126.9591333,37.5563617
현대강변,광진구,127.0856424,37.5283974
대상,구로구,126.8497887,37.4823243
행당브라운스톤,성동구,127.029416,37.5589247
시티파크2단지,용산구,126.9698845,37.5261643
미아2동경남아너스빌,강북구,127.0191154,37.6287523
은평뉴타운상림마을6단지 제1아파트(8단지 푸르지오),은평구,126.9328208,37.6499688
목동현대2차,양천구,126.8717412,37.5234632
마곡청구아파트,강서구,126.8219282,37.5729601
월곡2SHville임대,성북구,127.0417743,37.5975546
신정대림,양천구,126.8740132,37.5178406
가락현대5차,송파구,127.1310772,37.4995774
신수현대,마포구,126.9370025,37.5430889
가산삼익아파트,금천구,126.8929933,37.4729051
망원휴먼빌아파트,마포구,126.898736,37.5586582
대치대우아이빌4차,강남구,127.0538874,37.5051358
중계현대1차,노원구,127.0849795,37.6486998
도곡현대,강남구,127.0387604,37.4892623
사당삼호그린,동작구,126.9653347,37.4860661
염창한강동아(2차),강서구,126.8742629,37.5540431
영화 아이닉스,구로구,126.8492712,37.4828153
방학동양크레오,도봉구,127.0302398,37.6645568
개포자이아파트,강남구,127.0766243,37.4962963
당산디오빌,영등포구,126.9022713,37.5332373
정릉우정에쉐르,성북구,127.0107566,37.6001332
양평삼호,영등포구,126.8927894,37.528336
중계우성3차,노원구,127.0730455,37.6524246
신기목련,영등포구,126.9150295,37.5083649
초안산신도브래뉴,도봉구,127.0425663,37.6334333
신림동부센트레빌,관악구,126.9163206,37.4732059
치현마을동일스위트리버아파트,강서구,126.8158189,37.579321
홍제태영으뜸,서대문구,126.9466544,37.5935653
청담2차현대아파트,강남구,127.0407663,37.5215554
신길우창,영등포구,126.9123051,37.4973055
자양우방리버파크,광진구,127.0705581,37.531148
독산현대,금천구,126.8950063,37.4674692
공릉건영장미,노원구,127.0753286,37.6292718
상계코오롱,노원구,127.0699176,37.6526723
오금삼성,송파구,127.1390705,37.4964677
금호어울림1차,송파구,127.1548193,37.4982315
신월대림,양천구,126.8448771,37.52371
서초대우아이빌,서초구,127.0175669,37.4942468
수명산롯데캐슬,양천구,126.8284979,37.5445455
강서센트레빌4차,강서구,126.808144,37.5606079
현대성우,강북구,127.0221097,37.6170268
상계수락현대,노원구,127.0599531,37.6753305
봉천인헌아파트,관악구,126.9625656,37.4680743
휘경동일하이빌,동대문구,127.0734291,37.5818757
역삼한스빌아파트,강남구,127.0330105,37.4919817
면목삼익,중랑구,127.0796017,37.5752236
삼호한숲,영등포구,126.89376,37.5368785
우리유앤미,구로구,126.8817971,37.4966164
성수현대,성동구,127.0409089,37.548195
신정현대,양천구,126.8744771,37.5171463
청담래미안,강남구,127.0427658,37.5179137
브라운스톤금호아파트,성동구,127.0154576,37.5468722
보문아남,성북구,127.0173522,37.5812555
문래대원,영등포구,126.8827818,37.5186203
오류라인,구로구,126.8470682,37.4966587
성수현대그린,성동구,127.0504495,37.5407018
양평한솔,영등포구,126.8878627,37.5444139
밤섬현대,마포구,126.9326689,37.5426551
대림성원,영등포구,126.8965839,37.5037835
대원그린아파트,도봉구,127.0281276,37.6628505
롯데캐슬천지인,종로구,127.0161891,37.5738554
묵동신도1차,중랑구,127.0775863,37.6168885
등촌태진아름,강서구,126.8616805,37.5493953
성수우방2차,성동구,127.051583,37.5484064
둔촌역청구아파트,강동구,127.1331875,37.52945
등촌대림e편한세상,강서구,126.8626523,37.5421283
정릉힐스테이트1차아파트,성북구,127.0175261,37.6001991
방배아크로리버,서초구,126.9844585,37.4978313
사당롯데캐슬,동작구,126.9714969,37.4901983
반포현대동궁,서초구,127.0020963,37.5003957
목동금호1차,양천구,126.8746695,37.5252791
천호한신,강동구,127.1348466,37.5457708
방화신동아,강서구,126.8157168,37.569926
상월곡우남,성북구,127.0466414,37.6059521
신답극동아파트,동대문구,127.0441344,37.5726992
신답경남아파트,동대문구,127.0445899,37.5748075
보라매아카데미타워아파트,동작구,126.9241097,37.4913255
묵동한국,중랑구,127.0734985,37.6143473
화곡유림노르웨이숲,강서구,126.8434354,37.5301491
강변그대가리버뷰,강동구,127.1233659,37.5483376
명일현대,강동구,127.1488477,37.5485038
천호중앙하이츠,강동구,127.1302233,37.5472957
가락상아1차,송파구,127.1353505,37.4985637
후암미주,용산구,126.9757889,37.55185
신동아아파트,용산구,127.0020509,37.5258366
공덕삼성임대,마포구,126.950904,37.5480749
송파호수임광,송파구,127.1074518,37.5105889
신림금호타운1차,관악구,126.9376896,37.4651363
번동삼성,강북구,127.0318985,37.6414469
제기경동미주,동대문구,127.0355,37.5792417
화곡미성,강서구,126.8447262,37.5360506
답십리대림,동대문구,127.0634237,37.5706382
신사이랜드타운,은평구,126.904003,37.5904992
시흥베르빌,금천구,126.897555,37.457587
상계금호타운,노원구,127.0688307,37.6672856
상계대림e-편한세상,노원구,127.0508626,37.6748543
롯데캐슬,양천구,126.874888,37.5198784
도곡삼성,강남구,127.0469594,37.4887551
세양청마루,동대문구,127.065531,37.5735797
둔촌하이츠,강동구,127.1424221,37.5295514
개포우성9차,강남구,127.057256,37.4848288
천호금호,강동구,127.142214,37.5448169
자양경남,광진구,127.0789282,37.5291422
현대비전21,강남구,127.0513325,37.4873651
신대림한솔솔파크,영등포구,126.8995138,37.4873594
시흥성지,금천구,126.8979308,37.4509225
문정푸르지오1차,송파구,127.1281123,37.4868865
월계흥화브라운빌,노원구,127.0439797,37.6316871
상계청암1단지,노원구,127.0801114,37.6661444
신내동성7차,중랑구,127.0975415,37.6063234
둔촌현대4차,강동구,127.1441487,37.5299686
자양2차현대,광진구,127.070339,37.534323
DMC두산위브,서대문구,126.9172378,37.5802688
신월삼정그린뷰,양천구,126.8385961,37.5228362
신림건영4차,관악구,126.9331042,37.4803869
쌍문청구,도봉구,127.0343792,37.659774
인왕산벽산아파트,서대문구,126.948372,37.5921958
풍납신성노바빌,송파구,127.1166573,37.5384921
길음뉴타운10단지,성북구,127.0182647,37.6033174
돈암동일하이빌,성북구,127.0144138,37.5916299
냉천동부센트레빌,서대문구,126.9598553,37.5663309
공릉삼익2차,노원구,127.0806513,37.6260069
잠원현대,서초구,127.0127219,37.518469
신사신성,은평구,126.9050321,37.5897887
휘경롯데낙천대,동대문구,127.063941,37.5917499
신촌금호,마포구,126.932068,37.5528146
잠원녹원한신,서초구,127.0113336,37.5120919
길동신동아3차,강동구,127.1481967,37.541225
홍제현대그린,서대문구,126.9491411,37.5892439
망원2차대림,마포구,126.8994031,37.557296
구로신성미소지움,구로구,126.8967361,37.4797919
상계성림(미라보),노원구,127.0809553,37.6725714
목동부영그린타운2차,양천구,126.8811222,37.5363537
청량리현대,동대문구,127.0463246,37.5850545
등촌대동황토방,강서구,126.8622572,37.5559295
서울숲아이파크,성동구,127.0688097,37.5525834
신반포한신19차,서초구,127.0101762,37.5142264
홍제성원아파트,서대문구,126.9494371,37.5887167
보광삼성리버빌,용산구,127.0008993,37.5243671
신내석탑,중랑구,127.1011542,37.6037095
목동현대1차,양천구,126.8727061,37.5259957
광장동금호베스트빌,광진구,127.0940234,37.5437571
송파현대1차,송파구,127.1178187,37.5034908
동부이촌동우성,용산구,126.9692144,37.5216674
창전현대홈타운,마포구,126.9318441,37.5507951
등촌삼성한사랑,강서구,126.863892,37.5552044
오동공원현대홈타운,강북구,127.035615,37.6315389
자양현대홈타운10차,광진구,127.0705101,37.5334548
개봉거성푸르뫼2차아피트,구로구,126.8437766,37.5001509
고척삼익1단지,구로구,126.8529887,37.5087458
독산진도3차,금천구,126.8932959,37.4683505
성수청구강변 ,성동구,127.0548812,37.5352521
한진해모로,중구,127.0267431,37.5631656
역삼삼익,강남구,127.0421463,37.4907653
본동한신휴플러스,동작구,126.9493928,37.5091245
오류금강,구로구,126.8476508,37.4928901
묵동신안3차,중랑구,127.0817861,37.612484
한강로벽산메가트리움,용산구,126.9697692,37.5321985
마장동 대성유니드 아파트,성동구,127.0386489,37.5668368
여의도금호리첸시아,영등포구,126.9395985,37.5186433
개봉거성푸르뫼1차,구로구,126.8434989,37.5009472
염창극동,강서구,126.8712384,37.5529493
금호동롯데아파트,성동구,127.0170466,37.5469147
반포한신타워,서초구,127.0064117,37.5112827
방화9단지,강서구,126.8071229,37.5745483
이촌왕궁,용산구,126.9782605,37.5171632
중계신안,노원구,127.071975,37.6513154
행당두산,성동구,127.0373381,37.5647183
낙성대현대,관악구,126.965591,37.4726586
상계양우아파트,노원구,127.0710393,37.6565787
길음신안파크,성북구,127.0159103,37.614141
잠실한양3차,송파구,127.1220009,37.506177
한강삼익,용산구,126.9760338,37.5184763
삼성풍림아파트1차,강남구,127.0616804,37.5154299
구의삼성쉐르빌,광진구,127.0948021,37.5399785
자양7차현대홈타운,광진구,127.0697787,37.5329831
오류동부덕고개,구로구,126.8478369,37.4971219
마곡신안,강서구,126.8229252,37.5681327
화양현대,광진구,127.0658562,37.5445122
디엠씨현대,서대문구,126.9079507,37.5768106
월드컵현대,서대문구,126.9040715,37.5765928
광진트라팰리스,광진구,127.0679584,37.5318975
장월SH-VILLE1단지,성북구,127.047843,37.6224603
번동한솔솔파크,강북구,127.0388516,37.6273663
북한산대창센시티,은평구,126.9294384,37.6254055
해태보라매타워,동작구,126.9250951,37.4911516
가락한신,송파구,127.1217367,37.489685
면목대원칸타빌,중랑구,127.0904636,37.5783275
뚝섬중앙하이츠빌,성동구,127.0481187,37.5478825
염창극동상록수,강서구,126.8721249,37.5488684
잠원롯데캐슬갤럭시1차,서초구,127.0164459,37.5201925
구로우방,구로구,126.8743148,37.4976775
거여우방,송파구,127.1422374,37.492644
성내코오롱,강동구,127.1323906,37.5343691
자양현대홈타운8차,광진구,127.0719554,37.533512
월계대동,노원구,127.0607338,37.6218311
방학성원,도봉구,127.0356742,37.6618155
마곡한솔솔파크,강서구,126.8233243,37.5696666
상수두산위브,마포구,126.9242897,37.5470285
방화월드메르디앙,강서구,126.8105254,37.5746001
당산2차효성타운,영등포구,126.9006948,37.5310626
노원현대아파트,노원구,127.0636584,37.6587715
중계3벽산,노원구,127.0735683,37.654292
신도림현대,구로구,126.884309,37.511992
신수성원,마포구,126.9376295,37.546851
우이대우,강북구,127.0111527,37.6554406
신내영풍마드레빌,중랑구,127.1001416,37.6055942
남서울건영아파트,금천구,126.8986129,37.452828
이튼타워리버3차,광진구,127.0680706,37.5329945
번동한양,강북구,127.0417145,37.626473
개포우성8차,강남구,127.062288,37.48811
제기현대,동대문구,127.0357839,37.5799573
정릉중앙하이츠,성북구,127.0020417,37.6198025
우이동성원아파트,강북구,127.0138641,37.6618442
목동대림2차,양천구,126.8746806,37.523805
삼성한솔,강남구,127.0455212,37.5173908
번동기산그린,강북구,127.0435775,37.6274606
양평동양,영등포구,126.8898114,37.5422865
정릉산장,성북구,127.0021957,37.6167473
길동현대아파트,강동구,127.1473459,37.536591
가락우창,송파구,127.136295,37.4995733
쌍문경남,도봉구,127.0351564,37.6548109
가락동부센트레빌,송파구,127.1162993,37.4978882
서초한빛삼성,서초구,127.0079656,37.487956
천호태영임대,강동구,127.130007,37.5381545
휘경롯데1차,동대문구,127.0633712,37.5910981
사당현대아파트,동작구,126.9702379,37.4883008
한강아파트,영등포구,126.9023584,37.5280856
면목신성은하수,중랑구,127.0729702,37.5889278
중계현대그린,노원구,127.0844122,37.6471623
문래현대1차,영등포구,126.8828222,37.5195252
사근중앙하이츠,성동구,127.0485864,37.5618375
벽산타운3단지,금천구,126.9176126,37.4534029
문래현대6차아파트,영등포구,126.8838267,37.5184364
신정쌍용,양천구,126.8758354,37.5181035
자양현대5차,광진구,127.0782918,37.5286059
문래국화,영등포구,126.8927664,37.5163791
청담대림,강남구,127.047858,37.5205103
정릉성원,성북구,127.0083543,37.6065103
영등포두산위브,영등포구,126.912262,37.5143305
신대방한성,동작구,126.9149472,37.4956195
경동윈츠리버,동작구,126.9545986,37.5098847
구로새솔금호,구로구,126.8900268,37.4999584
구의현대7단지,광진구,127.0909417,37.5368422
염창무학,강서구,127.0144609,37.5464825
고척경남2차,구로구,126.8567573,37.5043308
월계서광,노원구,127.0654107,37.6228503
상계우방,노원구,127.0568379,37.6719833
목동부영그린타운3차,양천구,126.8822116,37.536731
풍납미성,송파구,127.1137637,37.5341924
우림루미아트1.2단지,노원구,127.0561567,37.6745959
삼성래미안2차,강남구,127.0434525,37.5161514
대치포스코더샵,강남구,127.0571385,37.504007
동작금강KCC,동작구,126.9784252,37.4940729
목동e-편한세상,양천구,126.8711933,37.5394083
길음뉴타운4단지임대,성북구,127.0178235,37.6128244
신내라이프미성,중랑구,127.0990429,37.6032755
무학현대,성동구,127.0278817,37.5611615
성내현대,강동구,127.1265528,37.5352413
봉천신봉,관악구,126.9496234,37.4850226
염창태영송화,강서구,126.8672037,37.553393
목동삼익,양천구,126.8766127,37.5228287
갈현현대1차,은평구,126.9142876,37.6221584
대방2차현대,동작구,126.9312764,37.5108264
신성둔촌미소지움2차,강동구,127.1436872,37.5273324
청솔아파트8,노원구,127.0860245,37.6232757
상도1동대림,동작구,126.9512393,37.5007481
방화대림E편한세상,강서구,126.8081826,37.5700874
대원칸타빌,마포구,126.9335887,37.5481848
신림미성,관악구,126.9034424,37.4824017
거여현대2차,송파구,127.1464076,37.4946337
대림현대2차,영등포구,126.8941884,37.5025492
DMC진흥아파트,은평구,126.9002363,37.5854117
문래현대5차아파트,영등포구,126.8831609,37.5176163
성산2차현대,마포구,126.9083577,37.5705091
길음뉴타운3단지임대,성북구,127.0177987,37.6085823
강일리버파크1단지,강동구,127.1720243,37.5668679
신월대성유니드,양천구,126.8405541,37.5198801
번동금호어울림,강북구,127.0354275,37.6306127
마곡서광,강서구,126.8193263,37.5793196
신내벽산,중랑구,127.1002646,37.6032482
신도림우성3차,구로구,126.8843198,37.5130829
염창롯데캐슬,강서구,126.8683711,37.5507699
포레나 신길,영등포구,126.9096185,37.5029726
오금현대백조,송파구,127.1292736,37.5093927
번동신원,강북구,127.0433512,37.6259454
묵동신안1차,중랑구,127.0810011,37.6128576
구로다솜금호,구로구,126.8918736,37.5026206
마곡신안네트빌(1단지),강서구,126.8102088,37.5711243
삼선1SH-VILLE,성북구,127.0140274,37.5848049
도봉유원아파트,도봉구,127.0490413,37.6819705
마장신성미소지움,성동구,127.0437065,37.5689365
충무로진양,중구,126.9959355,37.5624272
쌍문현대3차,도봉구,127.0212039,37.6523384
잠원훼미리 아파트,서초구,127.0146674,37.5192202
하계우방,노원구,127.0772526,37.6375037
방학삼성래미안2단지,도봉구,127.0458277,37.6650791
역삼래미안펜타빌,강남구,127.0475511,37.5007064
월곡3SH-vill,성북구,127.0379722,37.6120414
종로청계힐스테이트,종로구,127.0211388,37.5759616
한강타운,용산구,126.9496998,37.5356703
신사씨티,은평구,126.9041738,37.6004103
상계수락한신,노원구,127.0602025,37.673639
염창금호,강서구,126.8651494,37.5563047
고척한효,구로구,126.861314,37.5015238
구로현대상선,구로구,126.8750782,37.4960424
독립문파크빌,서대문구,126.9514854,37.5749642
여의대우트럼프월드2차,영등포구,126.927057,37.5174234
일원청솔빌리지,강남구,127.0830785,37.4804807
현대뜨레비앙,종로구,126.990057,37.5751303
응암우성,은평구,126.9175836,37.5840189
당산금호어울림,영등포구,126.9012562,37.5284502
경남아너스빌,양천구,126.8715119,37.5181266
대림서초리시온,서초구,127.0152212,37.4934555
마일스디오빌,강남구,127.0289105,37.5138873
신대방경남교수,동작구,126.9136562,37.4960303
공릉동부,노원구,127.0786137,37.6280819
월계삼창,노원구,127.0602548,37.6184379
사당제일,동작구,126.96955,37.4829384
경남아너스빌,구로구,126.8398933,37.4907209
구로우성(1동),구로구,126.8722377,37.4947097
신사한신휴플러스,은평구,126.9068354,37.599227
방학명품ESA1단지,도봉구,127.045475,37.6686013
용산아크로타워,용산구,126.9685337,37.5369449
염창강변성원,강서구,126.8722555,37.5555042
공릉청솔9단지,노원구,127.0851534,37.6214628
신사라이프씨티,은평구,126.9053464,37.6023882
송파성지,송파구,127.1171288,37.5000876
삼익아파트2단지,구로구,126.8528717,37.5074792
삼성동중앙하이츠빌리지,강남구,127.0462561,37.5160546
은평뉴타운상림마을13단지,은평구,126.927883,37.6474864
응암금호,은평구,126.9222397,37.5992267
오금아남,송파구,127.1361125,37.5028917
"서초현대1,2차",서초구,127.0199792,37.4909646
유원홍은,서대문구,126.9446692,37.5975121
중계경남아너스빌,노원구,127.0770809,37.6620828
LG신도림자이,구로구,126.8921268,37.5035585
제기이수브라운스톤,동대문구,127.0339745,37.5823765
창동금호어울림,도봉구,127.0417515,37.6564796
목동건영,양천구,126.8728085,37.5419755
서초삼성래미안,서초구,127.0199579,37.4934608
상계극동늘푸른,노원구,127.057784,37.6771802
오류한신플러스타운,구로구,126.8410059,37.4983793
신구로자이,구로구,126.8896095,37.5055429
우면코오롱,서초구,127.0276672,37.472602
장안한신,동대문구,127.0719296,37.5795394
원효로강변삼성스위트,용산구,126.9485824,37.5340827
창동건영캐스빌,도봉구,127.0341999,37.6413744
길음동부제2,성북구,127.0254972,37.6094237
광장신동아파밀리에,광진구,127.1043531,37.5467753
거여현대3차,송파구,127.1449982,37.4968972
방배래미안,서초구,126.9844943,37.472626
신림신도브래뉴,관악구,126.9109406,37.4838324
문래베어스타운,영등포구,126.8852409,37.519134
삼성서광,강남구,127.0425304,37.5170036
상계한일유엔아이,노원구,127.071075,37.6541825
명일삼환아파트,강동구,127.1538354,37.5536984
유원강변,동작구,126.9509904,37.5150871
이촌동부센트레빌,용산구,126.9665209,37.5211983
성북힐스테이트,성북구,127.029003,37.6065354
여의도목화,영등포구,126.932655,37.52594
삼성쉐르빌1 아파트,양천구,126.8704315,37.522674
양평현대2차,영등포구,126.8955806,37.5320347
중계현대2차(4동),노원구,127.0740064,37.6558928
자양대동,광진구,127.0683929,37.5361407
이안용산프리미어,용산구,126.9703386,37.5386273
석관중앙하이츠,성북구,127.0667057,37.611111
쌍문극동,도봉구,127.0279261,37.6517698
방배임광3차,서초구,127.0027232,37.4762582
등촌라인,강서구,126.8562941,37.5592064
청담현대3차,강남구,127.0529125,37.5272417
방학벽산2차,도봉구,127.0252708,37.6588206
답십리대우,동대문구,127.0534582,37.57342
마곡우림필유아파트,강서구,126.8212789,37.5717213
신길우성5차,영등포구,126.9035366,37.5067447
목동트윈빌,양천구,126.8767997,37.5321823
도곡1차아이파크,강남구,127.0431504,37.4920954
압구정미성1차,강남구,127.0207224,37.5254652
자양로얄동아,광진구,127.0810276,37.528332
금호한신휴플러스,성동구,127.0179816,37.5501696
신정세양청마루,양천구,126.863636,37.5070747
갈현1단지e-편한세상,은평구,126.9063902,37.6121411
여의도수정,영등포구,126.9308314,37.5230829
자양한라,광진구,127.0700492,37.5356629
우면동동고,서초구,127.0237739,37.4713949
대학동현대(구신림9동),관악구,126.9372307,37.4637542
수서동익,강남구,127.0964671,37.4856488
염창한마음삼성,강서구,126.8682816,37.554476
중계주공10단지,노원구,127.0733019,37.6481008
시흥현대빌라,금천구,126.9020409,37.4395084
중계양지대림2-2임대,노원구,127.072843,37.6547418
상계현대1차,노원구,127.0527596,37.6727905
성수동아그린,성동구,127.0480309,37.550919
구의대림아크로리버,광진구,127.0928472,37.5360563
목동우성,양천구,126.8755033,37.5413035
홍은풍림아이원,서대문구,126.9378412,37.5972741
송파파인타운11단지,송파구,127.133178,37.4797913
은평뉴타운상림마을2단지,은평구,126.9265857,37.6466728
잠실현대,송파구,127.0853196,37.503992
방학한화성원,도봉구,127.0317924,37.6612354
금호1차푸르지오,성동구,127.021146,37.5491419
SH황학롯데캐슬베네치아,중구,127.0222215,37.5711004
마곡현대1차,강서구,126.8143038,37.570387
롯데캐슬헤론,서초구,126.9845182,37.4967244
신림건영2차,관악구,126.9168875,37.4707892
당산한양,영등포구,126.8997511,37.5254625
용두두산위브,동대문구,127.0362528,37.5734458
삼성롯데,강남구,127.0487,37.5177728
서울가든빌라,구로구,126.831053,37.4923368
돈암포스코더샵,성북구,127.0106855,37.5976901
한사랑2차삼성아파트(등촌동),강서구,126.8638745,37.5542766
마포쌍용황금,마포구,126.9456451,37.5371661
염창우성1차,강서구,126.8703134,37.5555744
효성아파트,노원구,127.0886787,37.6206867
사당경남아너스빌,동작구,126.9678137,37.4882464
구로보광,구로구,126.8852794,37.4952976
독산신도브래뉴,금천구,126.8999857,37.477408
녹번JR아파트,은평구,126.937924,37.6000878
마곡푸르지오,강서구,126.8217091,37.5700345
산업인,구로구,126.8669946,37.5044786
공릉신도1차,노원구,127.0700592,37.6275959
면목두산2.3차,중랑구,127.0829987,37.5801261
월계대우아파트,노원구,127.0513553,37.6332539
구로우성,구로구,126.8890278,37.5039735
방배래미안타워,서초구,126.9900534,37.4751718
동소문동송산,성북구,127.0104788,37.5924122
도림동아에코빌,영등포구,126.8987346,37.5091679
방학거성학마을,도봉구,127.0396369,37.6665384
신반포청구,서초구,127.0084378,37.5142848
상계한신3차,노원구,127.0675578,37.6662959
도봉서울가든,도봉구,127.0415817,37.6868254
염창신동아,강서구,126.869209,37.5551935
래미안당산1차아파트,영등포구,126.9059115,37.5343799
도곡경남,강남구,127.0408208,37.4886314
성내성안청구,강동구,127.1241393,37.5317809
염창관음삼성,강서구,126.8694898,37.5525192
장안삼성쉐르빌,동대문구,127.0698761,37.5716753
하월곡샹그레빌,성북구,127.0414399,37.5965132
이문삼익아파트,동대문구,127.067574,37.5959326
목동2차삼성래미안,양천구,126.8682994,37.5104913
마곡 한진해모로,강서구,126.8133457,37.5714296
구의강변우성,광진구,127.0933387,37.5358159
둔촌프라자,강동구,127.1482561,37.535417
한강우성아파트,광진구,127.0657325,37.532579
안암대광,성북구,127.0217182,37.5847251
정릉힐스테이트,성북구,127.0155119,37.60284
고척동아한신,구로구,126.8656221,37.5006992
중림삼성래미안아파트,중구,126.9643574,37.5573531
염창태진한솔,강서구,126.874488,37.5488942
대조삼성타운,은평구,126.9217449,37.609112
군자일성파크,광진구,127.0726402,37.551275
둔촌신동아,강동구,127.1417216,37.529157
상계대동아파트,노원구,127.0712567,37.6573591
DMC래미안클라시스,서대문구,126.9160723,37.5786616
가양한보구암,강서구,126.8489731,37.5681118
강변아파트,서초구,127.0122486,37.5178181
전농동아,동대문구,127.0458375,37.5749667
여의도은하,영등포구,126.9352172,37.5187571
"광장삼성1,2차",광진구,127.1020927,37.5426383
당산유원제일1차,영등포구,126.8955412,37.530191
여의도삼익,영등포구,126.9343703,37.5198261
방학4단지신동아,도봉구,127.0296648,37.6628212
신정5차현대,양천구,126.8546141,37.5123066
응암푸르지오,은평구,126.9261538,37.597442
신도림대림5차e-편한세상,구로구,126.8811909,37.5067071
DMC아이파크,서대문구,126.9141298,37.5757029
공릉우성,노원구,127.0727424,37.6285696
잠실더샵스타파크,송파구,127.1023024,37.5169868
방배대우효령,서초구,126.9936334,37.4797613
대치쌍용2차,강남구,127.0704457,37.4996197
갈현현대아파트,은평구,126.905638,37.6129617
신공덕3차삼성래미안,마포구,126.9569018,37.5454825
서교동대우미래사랑,마포구,126.9167558,37.5574299
문래공원한신,영등포구,126.8930031,37.5175814
마장동금호어울림,성동구,127.041089,37.562934
동부아파트,중랑구,127.093838,37.6020644
신길경남,영등포구,126.9183651,37.5158124
풍림아이원플러스,서초구,127.029525,37.4903649
개봉삼호아파트,구로구,126.8572709,37.4943419
녹번대림,은평구,126.9370209,37.6001439
한남동리첸시아,용산구,127.0079791,37.5345031
청량리홍릉동부,동대문구,127.04603,37.5861654
목동금호어울림,양천구,126.8678104,37.5336997
개봉영화,구로구,126.8600001,37.4961973
이문중앙하이츠빌,동대문구,127.0646356,37.5964835
양평성원,영등포구,126.8934401,37.5343115
휘경베스트빌현대,동대문구,127.0742104,37.58168
서울숲대림아파트,성동구,127.0452696,37.5421369
신림쌍용,관악구,126.9117664,37.472164
여의도공작,영등포구,126.9298286,37.5265231
장위참누리,성북구,127.0494663,37.6231937
서울대입구아이원 (1560-61),관악구,126.9455509,37.4787044
자양동삼성아파트,광진구,127.0715987,37.5324954
상봉우정,중랑구,127.0886359,37.5996773
서울숲리버그린동아,성동구,127.0372695,37.5530787
여의도진주,영등포구,126.9329842,37.5185166
신공덕삼성1차,마포구,126.9558671,37.5434094
대림한신2차,영등포구,126.9043881,37.4947769
성수한진타운,성동구,127.0453053,37.541117
송파미성,송파구,127.1192987,37.5060284
오류푸르지오,구로구,126.8415352,37.491628
하계학여울청구B,노원구,127.0645889,37.6326446
광장동 광나루현대,광진구,127.108811,37.5471414
신사현대2차,은평구,126.9069618,37.5979944
번동솔그린,강북구,127.0393754,37.6261832
대우월드마크용산,용산구,126.9729911,37.5371896
문래삼환,영등포구,126.889503,37.5137751
문래두산위브,영등포구,126.8858207,37.5168776
신길삼성,영등포구,126.9112059,37.4963711
삼성홍실,강남구,127.0596516,37.5199747
방배2차현대홈타운,서초구,126.9839318,37.4901591
현대리버빌2차아파트,송파구,127.1168432,37.5321466
봉천은천2단지,관악구,126.964559,37.4699879
남현우림루미아트,관악구,126.9754499,37.4726423
상계신동아,노원구,127.0675315,37.6674029
전농동신성미소지움아파트,동대문구,127.0485695,37.5783111
쌍문금호2차,도봉구,127.0290465,37.6569631
신길건영,영등포구,126.9009904,37.5042671
면목경남아너스빌,중랑구,127.0804639,37.5754912
방화1단지(장미),강서구,126.8175777,37.5742114
신길삼성제2,영등포구,126.9137002,37.5073222
양평삼성래미안,영등포구,126.882579,37.5244017
상도쌍용,동작구,126.9316464,37.5015468
성수동아,성동구,127.0454954,37.5442259
홍은풍림2차,서대문구,126.943037,37.5932796
문래남성,영등포구,126.8915407,37.5126219
문래현대2차,영등포구,126.882871,37.520444
도곡우성아파트,강남구,127.0371243,37.488203
신정푸른마을4단지,양천구,126.8390636,37.5133188
고척한일유앤아이,구로구,126.8510935,37.5080441
"신반포 한신 25,26,27차 아파트",서초구,127.0093473,37.5148608
마포신촌삼익아파트,마포구,126.9355656,37.5512309
신정e-편한세상,양천구,126.8431245,37.5125102
고척동센츄리,구로구,126.8622842,37.5044346
삼성청담공원,강남구,127.0505804,37.5224412
당산2차삼성,영등포구,126.8980001,37.528049
관악푸르지오제2단지,관악구,126.9603002,37.4896116
래미안 서초스위트 아파트,서초구,127.0199915,37.5020921
잠실한솔,송파구,127.1046578,37.5036204
신반포한신16차,서초구,127.0096069,37.5168996
상계한신,노원구,127.0596359,37.6733227
신구로현대,구로구,126.8930516,37.4961263
마곡수명산파크6단지,강서구,126.8257712,37.5503051
중계대림벽산,노원구,127.0772878,37.6472272
당산상아,영등포구,126.903625,37.5300879
이태원남산대림,용산구,126.9888481,37.5407149
아이파크상도동,동작구,126.9427071,37.5007619
마장SH-vill임대,성동구,127.0400784,37.5645087
중계성원1차,노원구,127.0700519,37.6501711
정릉푸르지오,성북구,127.0100372,37.6062418
용산CJ나인파크,용산구,126.9691777,37.5360982
신대림자이,영등포구,126.902438,37.4865541
개포우성3차,강남구,127.0559898,37.4838941
자양우성2차,광진구,127.0735348,37.533336
정릉스카이쌍용,성북구,127.0170717,37.5992583
롯데캐슬엠파이어,영등포구,126.9263879,37.5202486
방화동부센트레빌,강서구,126.8144739,37.5747161
쌍문삼성래미안,도봉구,127.0280022,37.6470609
서초우성5차아파트,서초구,127.0266736,37.4948555
방배삼익,서초구,127.0015573,37.4789582
쌍문한양7차,도봉구,127.0338661,37.6560261
"신도림우성1,2차",구로구,126.8859402,37.5114702
신내건영1차,중랑구,127.0934783,37.6039877
동소문한신휴플러스,성북구,127.0140837,37.5952789
응봉대림2차,성동구,127.0321202,37.552326
명일중앙하이츠아파트,강동구,127.1598371,37.5507165
당산유원제일2차,영등포구,126.8984233,37.5333119
월계6-1초안,노원구,127.0443052,37.6329918
강일리버파크8단지,강동구,127.1762695,37.5607222
신도림대림7차e-편한세상,구로구,126.882657,37.5083184
우면대림,서초구,127.0230189,37.4728411
방배디오빌,서초구,126.9842059,37.4860524
반포한신서래,서초구,127.0008946,37.4991043
쌍문한양5차,도봉구,127.0321457,37.6560324
가양우성,강서구,126.8542542,37.5623512
하왕극동미라주,성동구,127.0233607,37.5585166
아카데미스위트,강남구,127.052083,37.4885971
풍납극동,송파구,127.1167332,37.5266148
브라운스톤상도,동작구,126.9437593,37.5059773
개포현대1차,강남구,127.0544301,37.4826743
화곡대림아파트,강서구,126.8373402,37.5336644
풍납쌍용,송파구,127.1177196,37.527262
양평벽산,영등포구,126.883568,37.5221895
암사한강현대,강동구,127.1319403,37.5552111
강변힐스테이트,강서구,126.8740903,37.5509233
"방배임광1,2차",서초구,127.0025259,37.4770722
목동삼성래미안,양천구,126.8763711,37.5157638
상계한신1차,노원구,127.0696148,37.666427
상계임광아파트관리사무소,노원구,127.0563489,37.6606639
신길한성,영등포구,126.9188187,37.5047193
DMC마포청구아파트,마포구,126.9020362,37.5740861
구의현대6단지,광진구,127.0948893,37.5384356
용산시티파크1단지,용산구,126.9694981,37.5251636
염창한화꿈에그린,강서구,126.8731525,37.5481893
효성주얼리시티아파트,종로구,126.9983959,37.571436
흑석동양,동작구,126.9585765,37.5004204
오류삼천리,구로구,126.8399091,37.4927408
목동2차성원아파트,양천구,126.8634813,37.5427613
보라매파크빌,동작구,126.9155388,37.4944124
중계금호,노원구,127.081287,37.6470308
창동상아2차,도봉구,127.0441299,37.6531689
신대방경남아너스빌,동작구,126.9085431,37.489496
구로럭키,구로구,126.8940158,37.4920766
롯데캐슬갤럭시2차,서초구,127.0159475,37.5190505
DMC우방,은평구,126.9029992,37.5818742
등촌서광,강서구,126.8574637,37.5578978
해모로,강북구,127.0375124,37.62658
래미안용강아파트,마포구,126.9413984,37.543435
마장삼성,성동구,127.0402374,37.5661691
래미안상도2차,동작구,126.9511199,37.5018787
보문아이파크,성북구,127.0166232,37.5855901
공릉태릉우성,노원구,127.0854776,37.6245525
정릉중앙하이츠빌1단지,성북구,127.0101777,37.6028813
응봉신동아,성동구,127.0295611,37.5504195
가락미륭아파트,송파구,127.1285974,37.4937996
대림우성,영등포구,126.9009261,37.4964591
용두롯데캐슬피렌체,동대문구,127.0360455,37.5771878
명륜아남1차,종로구,126.9992985,37.5859111
공릉화랑타운,노원구,127.0879394,37.6238712
상암월드컵파크5단지,마포구,126.8852677,37.5806443
상계1차중앙하이츠,노원구,127.0689101,37.6537485
삼선코오롱아파트,성북구,127.0132547,37.5904694
광장현대9차,광진구,127.0976662,37.542369
역삼개나리래미안,강남구,127.0457475,37.4983263
자양현대3차,광진구,127.0834571,37.5285844
신월신안약수,양천구,126.8474503,37.5165172
용마금호타운,중랑구,127.0943633,37.582864
신당삼성임대,중구,127.0179323,37.5580944
고척우성현대,구로구,126.8627819,37.4988578
신정푸른마을3단지,양천구,126.8368562,37.5114679
래미안서초유니빌,서초구,127.016979,37.4847031
풍납시티극동,송파구,127.1182132,37.5396031
구로두산제2,구로구,126.8889122,37.4885905
강일리버파크2단지,강동구,127.1766546,37.5687308
가락대림아파트,송파구,127.1188815,37.499639
사당롯데캐슬샤인,동작구,126.9724822,37.4907263
자양한양,광진구,127.0910116,37.5314488
"벽산블루밍1단지,2단지",양천구,126.8425224,37.513351
새절역현대아파트,은평구,126.9086256,37.5935228
등촌8단지주공아파트,강서구,126.8513767,37.5612871
휘경동일스위트리버,동대문구,127.0686947,37.5874125
롯데캐슬아이비,영등포구,126.9317611,37.5202096
송정건영,성동구,127.0709815,37.5559647
서강해모로,마포구,126.9302387,37.5462183
고척청구아파트,구로구,126.8638405,37.5015386
고덕현대,강동구,127.1521009,37.5565058
광장극동1차,광진구,127.1042868,37.5431884
상계동양메이저,노원구,127.0640146,37.6578567
도봉래미안,도봉구,127.0462651,37.6796389
중계한화꿈에그린,노원구,127.0828152,37.6474408
아이파크삼성동,강남구,127.0591223,37.5181937
한강,서초구,127.0155924,37.5214482
신도림현대,구로구,126.886015,37.5049671
신반포7차,서초구,127.0079051,37.5124574
공릉동신,노원구,127.0768621,37.6280155
중계현대6차,노원구,127.0824304,37.6455756
석관코오롱,성북구,127.0657663,37.6063529
구로한일유엔아이,구로구,126.8756078,37.4863381
염창강변한솔솔파크,강서구,126.8671836,37.5562105
송파파인타운5단지,송파구,127.1299462,37.4801394
장안현대,동대문구,127.0688912,37.5812961
토정한강삼성,마포구,126.9413292,37.5394266
창동신도브래뉴,도봉구,127.0444705,37.6563222
등촌동성,강서구,126.8459121,37.5640797
월계청백3단지,노원구,127.0502719,37.6318379
하왕금호베스트빌,성동구,127.0254969,37.5612955
신공덕2차삼성래미안,마포구,126.9579942,37.5464428
개포4차우성,강남구,127.0501105,37.4857034
신성둔촌미소지움1차,강동구,127.1428107,37.5278063
돈암풍림,성북구,127.023656,37.5953816
당산진로,영등포구,126.8963598,37.5206537
신당푸르지오,중구,127.0195121,37.5592169
방화동 개화아파트,강서구,126.8125423,37.5809671
전농삼성,동대문구,127.0556161,37.5819426
자양우성3차,광진구,127.0720703,37.5359897
수색대림한숲타운제2,은평구,126.9013422,37.5863961
상계현대2차,노원구,127.0504092,37.6722699
코오롱하늘채,마포구,126.9201576,37.5648197
상봉건영캐스빌,중랑구,127.0911038,37.6024565
방배우성,서초구,126.9825806,37.4744136
동진신안,노원구,127.0782043,37.6497726
중계양지대림1-2임대,노원구,127.0713925,37.6517236
당산동부센트레빌,영등포구,126.900447,37.5244575
신정푸른마을2단지,양천구,126.8354272,37.5134521
상계한신2차,노원구,127.0680666,37.6647819
상계불암현대(임대),노원구,127.0804264,37.6681544
화곡중앙하이츠,강서구,126.8437889,37.5355465
홍제삼성래미안,서대문구,126.9508555,37.5784484
구산경남아너스빌,은평구,126.9054804,37.6055438
방학삼익세라믹,도봉구,127.0340669,37.6611543
대치우성1차아파트,강남구,127.0691055,37.5002345
대림3동현대아파트,영등포구,126.8954185,37.5023194
신길우성4차아파트 ,영등포구,126.9164533,37.5142647
신길우성3차아파트,영등포구,126.9087501,37.4972821
마포중동현대,마포구,126.9068961,37.5711515
본동삼성래미안아파트,동작구,126.9495123,37.5099892
동아효성아파트(거여2단지),송파구,127.1462382,37.4903349
삼성 상아2차아파트,강남구,127.0500484,37.5175999
중계삼성,노원구,127.0827049,37.6491475
신내동성4차,중랑구,127.0964595,37.6067266
천호우성,강동구,127.1388427,37.549769
마곡벽산,강서구,126.8378355,37.5757344
한신무학,성동구,127.0283658,37.5623584
월계청백1단지,노원구,127.051571,37.6355952
방이대림가락,송파구,127.1241052,37.507175
마포현대아파트,마포구,126.9496256,37.549767
당산동1차효성아파트,영등포구,126.9020034,37.5307189
미아동부센트레빌,강북구,127.0257283,37.6136824
사당휴먼시아,동작구,126.9702595,37.4790915
대림코오롱,영등포구,126.8949211,37.5069364
상암월드컵파크6단지,마포구,126.8842686,37.5798306
월계풍림아이원,노원구,127.0656375,37.6166071
신월신안파크,양천구,126.8295859,37.5233774
양천벽산블루밍,양천구,126.8394482,37.5243645
상계수락파크빌,노원구,127.0778213,37.6694182
대방성원,동작구,126.9256289,37.5094454
홍은극동,서대문구,126.9509978,37.6030233
등촌미주진로,강서구,126.8470141,37.5598381
방화청솔3단지,강서구,126.8127261,37.5757615
구로한신1차,구로구,126.8737607,37.4963839
암사삼성광나루,강동구,127.1271166,37.5540433
휘경동양1.2차,동대문구,127.0675572,37.5926669
이문대우1차,동대문구,127.0698249,37.6025608
도곡대림아크로빌,강남구,127.0510858,37.4881225
상계한양,노원구,127.066935,37.6520108
신림건영1차,관악구,126.9123312,37.4763359
수락산벨리체아파트,노원구,127.0565963,37.6816146
가락2차쌍용아파트,송파구,127.1226538,37.5014471
방배신동아,서초구,127.0013722,37.4812135
한신코아,송파구,127.1043832,37.5168027
구로극동,구로구,126.8894082,37.4909119
상계3차현대아파트 ,노원구,127.053546,37.6716416
공릉우방4단지,노원구,127.0873279,37.6266554
쌍문동익파크,도봉구,127.0247582,37.6514803
목동금호베스트빌,양천구,126.8683758,37.5450018
양평신동아아파트,영등포구,126.8865433,37.5221616
답십리우성그린,동대문구,127.0660452,37.5748599
수서가람,강남구,127.0853872,37.4824375
화랑해링턴플레이스,노원구,127.0808511,37.6239469
거여현대1차,송파구,127.1406364,37.4931374
구로이화우성,구로구,126.8940421,37.4899094
둔촌현대1차,강동구,127.1465572,37.5317282
쌍문성원,도봉구,127.0292747,37.6585585
염창현대1차,강서구,126.8751623,37.5528062
수서한아름,강남구,127.1035545,37.489365
서울숲삼부아파트,성동구,127.0374627,37.560002
구로한신휴플러스,구로구,126.8913409,37.4889722
돈암범양,성북구,127.0280209,37.603349
중계중앙하이츠,노원구,127.0764103,37.6591329
답십리동서울한양,동대문구,127.0603912,37.5714222
이촌동아그린아파트,용산구,126.9579794,37.5240081
월드컵참누리,마포구,126.9045765,37.5726291
래미안남가좌2차,서대문구,126.9126716,37.5719992
등촌주공2단지,강서구,126.8425169,37.5649371
SK VIEW,구로구,126.8865014,37.5070085
중계양지대림1차,노원구,127.0709907,37.6514028
당산현대3차,영등포구,126.8964119,37.5310896
마포강변힐스테이트,마포구,126.9336392,37.5433077
신정학마을2단지,양천구,126.8446745,37.5091685
대우디오빌역삼,강남구,127.0429002,37.5015202
"목동대원칸타빌2,3단지",양천구,126.8668586,37.5321007
관악산휴먼시아3단지,관악구,126.918575,37.4605825
목동현대하이페리온2차,양천구,126.870491,37.524211
가락1차현대아파트 ,송파구,127.1280554,37.4913441
대방현대1차,동작구,126.9313091,37.5126917
길음뉴타운 데시앙,성북구,127.0161135,37.6064904
압구정현대8차,강남구,127.0349464,37.5313427
현대한강,용산구,126.9575779,37.5233298
답십리두산위브,동대문구,127.0578742,37.5663332
상도래미안1차,동작구,126.933382,37.5046037
신길남서울,영등포구,126.9103397,37.5012317
마곡수명산파크3단지,강서구,126.8246879,37.5526641
월계청백4단지,노원구,127.0517199,37.6316981
영등포삼환,영등포구,126.9050948,37.5294615
정릉힐스테이트3차,성북구,127.0074949,37.6143809
공릉삼익4단지,노원구,127.0719366,37.6298852
천호동아하이빌,강동구,127.1344342,37.5447137
도봉동아에코빌,도봉구,127.0469082,37.6815145
안암삼성래미안,성북구,127.023761,37.589317
창신두산,종로구,127.0142935,37.574221
정릉푸른마을동아,성북구,127.0143452,37.6073332
신내새한아파트,중랑구,127.1014689,37.6051873
양평거성파스텔,영등포구,126.8919132,37.5316287
마포자이,마포구,126.9451908,37.5433293
도원삼성제2,용산구,126.9564008,37.5397888
옥수중앙하이츠,성동구,127.016339,37.540028
당산동대우,영등포구,126.8928072,37.5213197
광장현대8단지,광진구,127.1001431,37.5421038
신트리3단지,양천구,126.8530425,37.5119316
송파파인타운7단지,송파구,127.1308268,37.4791574
상계마들대림,노원구,127.057275,37.6597904
당산푸르지오,영등포구,126.9064223,37.5301096
서강GS,마포구,126.931681,37.5440956
가양대림경동,강서구,126.8540714,37.5664452
명일한양,강동구,127.1551633,37.5504635
상암월드컵파크3단지,마포구,126.8896983,37.5727883
돈암동부센트레빌,성북구,127.0264895,37.6024287
잠원한신,서초구,127.0108543,37.5159339
역삼아이파크,강남구,127.0452013,37.4991341
상도동중앙하이츠빌아파트,동작구,126.9517257,37.5014488
문정건영,송파구,127.1256477,37.4816252
송파파인타운10단지,송파구,127.1298646,37.4772989
거여4단지,송파구,127.1438346,37.4892474
논현동현,강남구,127.0365482,37.5193078
무악현대임대,종로구,126.9584344,37.5757134
은평뉴타운상림마을12단지,은평구,126.9219731,37.6411039
상도건영제2 관리사무소,동작구,126.9497857,37.5071696
신촌태영데시앙,마포구,126.9309792,37.5533735
강일리버파크6단지,강동구,127.1772605,37.5627329
홍제유원하나,서대문구,126.9523764,37.5951028
원효산호,용산구,126.9503821,37.5327172
독산동중앙하이츠빌아파트,금천구,126.8887269,37.4647875
신반포5차,서초구,127.0079791,37.5152757
가락극동,송파구,127.1326936,37.4957046
잠실우성4차,송파구,127.0829428,37.5028243
"면목두산4,5단지",중랑구,127.0817112,37.578461
풍납 현대리버빌1차,송파구,127.1153105,37.5307592
방학우성2차,도봉구,127.0217568,37.6568504
개포2차 현대아파트,강남구,127.0512551,37.4824869
래미안장안,동대문구,127.0732291,37.5660182
길음래미안2차,성북구,127.0242907,37.610374
개봉두산,구로구,126.8526549,37.4950228
공릉한보아파트,노원구,127.0803885,37.6280802
연희대우,서대문구,126.9295194,37.5615291
공릉해링턴플레이스(구.효성화운트빌),노원구,127.086808,37.6276076
관악벽산2단지,금천구,126.9196921,37.4511267
용마한신,중랑구,127.0954286,37.5811929
옥수현대,성동구,127.0188915,37.5436054
등촌주공10단지,강서구,126.8483689,37.5623648
롯데우성,노원구,127.072784,37.6469998
강동현대홈타운,강동구,127.1384801,37.5564098
마포태영제2,마포구,126.9425711,37.5447358
신사미성,은평구,126.9077834,37.5895119
명일신동아,강동구,127.1521237,37.5537423
염창동아3차,강서구,126.8776792,37.549794
한솔마을,강남구,127.0767604,37.4819987
월계6-2초안,노원구,127.0429362,37.6313268
명일동우성,강동구,127.1521714,37.5509218
면목늘푸른동아아파트,중랑구,127.0806504,37.572881
염리삼성래미안,마포구,126.9467985,37.5489719
여의도대교,영등포구,126.9336795,37.5221527
워커힐아파트,광진구,127.1065657,37.5502689
한양아파트,송파구,127.1150497,37.5058734
여의도미성,영등포구,126.9239858,37.5204822
청화아파트,용산구,126.9948167,37.5299597
공릉두산힐스빌,노원구,127.0797595,37.6209072
중앙구로하이츠,구로구,126.8762765,37.4968215
강변건영,성동구,127.0451083,37.5403701
광장현대5단지,광진구,127.0998456,37.5396425
금호삼성래미안,성동구,127.027307,37.5495792
쌍문한양6차,도봉구,127.0291405,37.6557438
압구정한양3단지,강남구,127.0419778,37.5290496
상봉태영데시앙,중랑구,127.0926848,37.6033569
옥수극동그린아파트,성동구,127.0100138,37.5419656
창신쌍용1단지,종로구,127.0140195,37.5805173
묵동브라운스톤태릉,중랑구,127.0824499,37.6189128
래미안방배아트힐,서초구,127.0051216,37.4776829
여의도한양,영등포구,126.9325081,37.521488
서초더샵,서초구,127.0183949,37.4841221
유원서초아파트,서초구,127.0187163,37.4964194
신정동아이파크,양천구,126.8721471,37.5215628
구로현대,구로구,126.8959791,37.488491
신림동부,관악구,126.9292661,37.480463
대림신동아,영등포구,126.8946389,37.4968598
길동GS강동자이,강동구,127.1498347,37.5380276
구로중앙하이츠아파트,구로구,126.8805548,37.4988595
거여3단지,송파구,127.1476125,37.4902013
중계주공6단지,노원구,127.0783625,37.6486487
답십리동답한신,동대문구,127.0625854,37.5708179
창동동아,도봉구,127.0503498,37.6512705
영등포경남아너스빌,영등포구,126.9027167,37.5239709
고척삼환로즈빌,구로구,126.8574842,37.4980376
이문현대,동대문구,127.070234,37.6013336
묵동아이파크,중랑구,127.0737502,37.6105575
청암2단지,노원구,127.0790041,37.6632392
방학삼성래미안1단지,도봉구,127.0472435,37.6670964
성수롯데캐슬,성동구,127.0559785,37.5460554
거여5단지,송파구,127.1453223,37.4888973
창동신창,도봉구,127.0416809,37.6410718
대방1차e편한세상,동작구,126.9292275,37.5119652
청량리한신1차,동대문구,127.047631,37.587325
홍은현대,서대문구,126.938788,37.5905613
꿈의숲대명루첸,성북구,127.0477116,37.6201173
서초진흥,서초구,127.0226759,37.4973943
북가좌삼호,서대문구,126.9131574,37.5765711
공덕삼성래미안3차,마포구,126.9524601,37.5480555
남서울건영2차,금천구,126.9107055,37.449377
돈암현대,성북구,127.0285886,37.6041274
도곡개포한신아파트,강남구,127.0489053,37.4868952
오류금강수목원,구로구,126.8323205,37.4882645
자양우성7차,광진구,127.074599,37.5363612
화곡초록,강서구,126.8338501,37.5460884
면목현대,중랑구,127.0892098,37.5757254
오류동 영풍마드레빌,구로구,126.8387213,37.4915505
일원샘터마을,강남구,127.0826162,37.484274
마곡수명산파크2단지,강서구,126.8318783,37.5565695
중계주공7단지,노원구,127.0796775,37.6471024
도봉럭키,도봉구,127.0444585,37.6791596
청담삼성진흥,강남구,127.0514268,37.5201372
쌍용대치1차,강남구,127.0710419,37.4980136
대치현대,강남구,127.0610401,37.5008929
태릉현대,노원구,127.0826165,37.6253828
상계불암대림,노원구,127.0771611,37.6632213
서강쌍용예가,마포구,126.9295552,37.5484412
신동아,성동구,127.0328542,37.5544019
이촌대림,용산구,126.9543702,37.5256238
남서울 무지개 ,금천구,126.8982269,37.455971
신정학마을1단지,양천구,126.8443952,37.5080816
하계시영5단지,노원구,127.065671,37.6332359
창전삼성,마포구,126.9306956,37.5509952
제기안암골벽산,동대문구,127.032346,37.5835133
가양강나루현대,강서구,126.856966,37.5607691
천호삼성아파트,강동구,127.1352572,37.5387176
마곡수명산파크7단지,강서구,126.8223697,37.5483311
응봉금호현대,성동구,127.0309609,37.5510665
논현신동아,강남구,127.0233647,37.5149073
방배1차현대,서초구,126.9839808,37.4885417
수서삼익,강남구,127.1009549,37.4891651
삼환가락,송파구,127.1367851,37.4953676
래미안이문2차,동대문구,127.0600617,37.593404
일원목련타운,강남구,127.0842628,37.4852093
대우메트로디오빌,마포구,126.9528726,37.5435044
공덕삼성,마포구,126.9514816,37.5468006
중계양지대림2차,노원구,127.0725116,37.6537351
이촌현대,용산구,126.9808408,37.5185927
광장청구,광진구,127.0962915,37.5425784
신도림동아2차,구로구,126.8860242,37.5083651
자양우성1차,광진구,127.0755843,37.534414
성수아이파크,성동구,127.0572188,37.547123
LG한강자이,용산구,126.9711068,37.5199669
상암월드컵파크2단지,마포구,126.8915091,37.5749496
공릉2단지라이프,노원구,127.0665249,37.6305821
거여6단지,송파구,127.1466473,37.4886075
도봉삼환,도봉구,127.0488068,37.6810071
방학신동아2단지,도봉구,127.0235374,37.6591199
디엠씨한양,서대문구,126.9091078,37.5759022
가양동신대아,강서구,126.8435191,37.5723889
하계청구,노원구,127.068697,37.6377945
구로두산위브,구로구,126.8902975,37.4860899
북한산현대홈타운,은평구,126.9350558,37.6121197
보라매경남아너스빌,영등포구,126.9094978,37.4945833
관악우방,금천구,126.9141297,37.4490446
가락프라자,송파구,127.1335117,37.491928
삼각산아이원임대,강북구,127.0185281,37.6172903
상계조합대림,노원구,127.0745267,37.6630519
염리상록,마포구,126.9475627,37.5514198
개포경남아파트,강남구,127.0535707,37.4844613
길음삼부,성북구,127.0230734,37.602455
방화4단지(삼익삼환),강서구,126.8141297,37.5773423
수서삼성,강남구,127.0907043,37.4848991
등촌대림아파트,강서구,126.845847,37.5621573
삼성래미안공덕2차,마포구,126.9595592,37.5509157
약수하이츠아파트(임대),중구,127.0147458,37.5548919
하계미성,노원구,127.069553,37.6346848
중랑숲금호어울림,중랑구,127.1086486,37.6027744
신길1차우성아파트,영등포구,126.9004211,37.5053313
돈암일신건영휴먼빌,성북구,127.0125252,37.6009267
중계주공4단지,노원구,127.0767728,37.6557402
쌍문금호1차아파트,도봉구,127.0335,37.6590733
공릉2-6,노원구,127.0877768,37.6247198
창동상아1차,도봉구,127.0422898,37.6540521
강일리버파크10단지,강동구,127.1799976,37.5592085
중계주공8단지,노원구,127.0753469,37.6463243
신트리2단지,양천구,126.852873,37.5132996
하계1차청구아파트,노원구,127.0709532,37.6394506
공릉비선,노원구,127.0873726,37.6257794
이촌한강맨션,용산구,126.9747156,37.5182077
송파파인타운8단지,송파구,127.1282926,37.4792659
신정6차현대,양천구,126.8408442,37.5079077
홍제현대아파트,서대문구,126.9414014,37.5890017
이촌동삼성리버스위트,용산구,126.9768136,37.5172456
신내중앙하이츠,중랑구,127.0981187,37.6033568
창동아이파크(창동2.3차현대),도봉구,127.0460989,37.6610455
은평뉴타운상림마을1단지,은평구,126.9227727,37.6415577
풍납현대,송파구,127.1188746,37.5293329
보라매삼성,관악구,126.9277936,37.4941134
등촌부영,강서구,126.843643,37.5635619
중림삼성사이버빌리지,중구,126.9653021,37.5581126
성원(사슴4),노원구,127.0630305,37.6297676
삼성롯데캐슬프레미어,강남구,127.0447625,37.5152753
고척서울가든,구로구,126.8600913,37.5017893
봉천우성제2,관악구,126.9611905,37.4845336
신도림롯데,구로구,126.8844706,37.50345
사당자이,동작구,126.9631362,37.4883863
일원동 수서아파트,강남구,127.0902856,37.4926394
서초트라팰리스1차,서초구,127.027958,37.4868714
신길우성2차,영등포구,126.9125548,37.4982638
하계2차현대아파트,노원구,127.0720793,37.6446141
역삼개나리,강남구,127.0458064,37.5007799
도곡삼성래미안,강남구,127.0500044,37.4895947
상암월드컵파크7단지,마포구,126.8812087,37.5819338
구로현대연예인,구로구,126.8771082,37.4929871
청량리신현대,동대문구,127.0518397,37.5896298
돈암풍림임대,성북구,127.022153,37.5969942
돈암삼성임대,성북구,127.0244619,37.5991559
역삼푸르지오,강남구,127.0460658,37.4975289
답십리두산,동대문구,127.0598719,37.5696142
상록수아파트,강남구,127.0810461,37.4818518
답십리동아,동대문구,127.0617276,37.5693658
갤러리아팰리스,송파구,127.0939498,37.5111075
보라매롯데낙천대,동작구,126.9135893,37.4943002
송파한양2차,송파구,127.1161969,37.5050983
여의도광장,영등포구,126.9207006,37.520651
정릉중앙하이츠빌2단지,성북구,127.0091944,37.6049603
하월곡동신,성북구,127.0352907,37.6044231
강일리버파크4단지,강동구,127.1767916,37.5669952
오금대림,송파구,127.1292057,37.5103525
상아2차아파트,송파구,127.136586,37.4981134
창동주공2단지,도봉구,127.0423156,37.6527304
선릉에클라트,강남구,127.0509492,37.5061723
서초아크로비스타,서초구,127.0133305,37.4981987
방이코오롱,송파구,127.1226227,37.5090693
왕십리풍림아이원,성동구,127.0246988,37.5586201
상암월드컵파크4단지,마포구,127.0484681,37.5163114
궁동우신빌라,구로구,126.8305225,37.4942451
두산아파트,노원구,127.053155,37.6773823
신내8단지두산화성,중랑구,127.0951075,37.6137027
본동신동아,동작구,126.9518199,37.5096842
"압구정 현대(10,13,14차)",강남구,127.0261483,37.5306296
문화촌현대,서대문구,126.9494989,37.592258
"명일삼익가든1,2차",강동구,127.1477263,37.5472116
대치아이파크,강남구,127.0545833,37.4949838
양평동6차현대아파트,영등포구,126.8935179,37.5318555
신정동일하이빌,양천구,126.8391532,37.5119294
용두신동아,동대문구,127.0322964,37.5726319
명일지에스,강동구,127.1460609,37.5490861
월계사슴2단지,노원구,127.061027,37.6323576
문래힐스테이트,영등포구,126.8908636,37.5183627
염창동아1차,강서구,126.8731282,37.5548498
중계청구3차,노원구,127.0750637,37.6499123
풍납동아한가람,송파구,127.1153829,37.5377775
건영3차아파트,관악구,126.9416614,37.467082
당산2가현대,영등포구,126.894895,37.5235102
개봉삼환,구로구,126.8579825,37.4966514
쌍문현대1차,도봉구,127.0312223,37.6585731
시흥삼익,금천구,126.9094589,37.4632836
월곡래미안루나밸리,성북구,127.0421157,37.599088
중계염광아름빌,노원구,127.0729582,37.6561843
정릉대우,성북구,127.0034409,37.6180331
도화현대2차아파트(임대),마포구,126.9508751,37.5377686
양재우성,서초구,127.0246641,37.4655445
상계중앙하이츠2차,노원구,127.068317,37.6549666
성산월드타운대림,마포구,126.908252,37.5693576
송파파인타운9단지,송파구,127.1287418,37.4782198
대방주공2단지,동작구,126.929455,37.5095402
신내동성3차아파트,중랑구,127.0962591,37.608527
휘경주공2단지,동대문구,127.0707607,37.5830037
당산강변래미안3차,영등포구,126.9085041,37.5293549
신내대명11단지,중랑구,127.0942125,37.6073321
대치동부센트레빌,강남구,127.055548,37.4930864
고덕아남,강동구,127.1467882,37.5579377
창동주공1단지,도봉구,127.0394284,37.6534424
인왕산아이파크,종로구,126.9572222,37.5771174
마장세림,성동구,127.0452055,37.5652973
길동우성2차,강동구,127.1437013,37.5370211
신도림동아3차,구로구,126.8842082,37.5095601
신내진로아파트,중랑구,127.093395,37.6141198
상암월드컵1단지,마포구,126.8933187,37.5753148
청계벽산,성동구,127.0319041,37.5688924
대청,강남구,127.07521,37.4941776
정릉우성,성북구,127.0156807,37.6010726
쌍문한양1차,도봉구,127.0306912,37.6460891
신도림미성,구로구,126.8765698,37.5072861
상도건영,동작구,126.9497843,37.5071675
압구정한양아파트제2단지,강남구,127.0404998,37.5298469
신길삼성래미안,영등포구,126.9152452,37.5054901
상계불암현대,노원구,127.0818153,37.6678352
구일우성아파트,구로구,126.8769093,37.4902883
상계주공8단지,노원구,127.0621436,37.66397
한강대우,용산구,126.9702362,37.5224073
가락우성1차,송파구,127.1175983,37.4971891
공릉3단지라이프,노원구,127.0686144,37.6273074
역삼e-편한세상,강남구,127.0506456,37.4990116
상계주공5단지,노원구,127.0639994,37.6526752
상암월드컵8단지,마포구,126.8829174,37.5776205
강일리버파크9단지,강동구,127.1778329,37.558354
삼익포레스트아파트,노원구,127.0811402,37.626838
신트리4단지,양천구,126.850046,37.5110396
전농SK제2(임대),동대문구,127.0628042,37.5773883
신도림4차e-편한세상,구로구,126.8868711,37.5108658
응봉대림1차,성동구,127.0332766,37.5519496
신촌럭키,서대문구,126.9479632,37.5595234
사당4-3우성,동작구,126.9764363,37.4886826
장안현대힐스테이트,동대문구,127.0753766,37.5759749
길음뉴타운 경남아너스빌,성북구,127.0171534,37.6043325
홍제무악청구1차,서대문구,126.9520597,37.5819293
목동현대하이페리온,양천구,126.8750345,37.5268536
월계동신,노원구,127.061025,37.6167404
여의도삼부,영등포구,126.9318535,37.5245331
신내성원,중랑구,127.0947898,37.6048367
고덕주공6단지,강동구,127.1706806,37.5533274
신대방현대,동작구,126.912997,37.4936403
월계사슴3단지,노원구,127.0595,37.6319168
고척벽산블루밍,구로구,126.8647287,37.4956202
청담삼익,강남구,127.0592063,37.5220877
서울숲푸르지오,성동구,127.0221874,37.5449355
풍납한강극동,송파구,127.1123385,37.5296833
독립문삼호,서대문구,126.9584462,37.5703141
사당동작삼성래미안아파트,동작구,126.9711461,37.4888821
극동2차아파트,광진구,127.1041476,37.5433615
번동주공4단지,강북구,127.0390097,37.6310371
개포주공7단지,강남구,127.0724108,37.489486
옥수극동,성동구,127.0115694,37.5432748
노량진우성,동작구,126.9478165,37.5096343
월계삼호4차,노원구,127.0641703,37.626528
창동주공18단지,도봉구,127.0512267,37.6467803
압구정미성2차,강남구,127.0194299,37.5235704
가양9-1,강서구,126.8616397,37.5600853
도화현대홈타운,마포구,126.9509486,37.5367386
가락금호,송파구,127.1163709,37.4963581
가락래미안파크팰리스,송파구,127.1321113,37.4981982
마곡수명산파크4단지,강서구,126.8233716,37.5512432
삼성동힐스테이트2단지,강남구,127.0515094,37.5138666
푸른마을아파트,강남구,127.0813262,37.4846837
오류동부골든,구로구,126.8397859,37.4991205
가락삼익맨숀,송파구,127.1213172,37.5042198
상계주공13단지,노원구,127.0632601,37.6673747
개포주공5단지,강남구,127.0680279,37.4878016
신당현대,중구,127.0217626,37.5599909
신반포한신5지구(12차),서초구,127.0140377,37.5181174
중계건영3차,노원구,127.0750077,37.6484375
마곡수명산파크5단지,강서구,126.8272011,37.5518797
창동대우,도봉구,127.0373097,37.642249
상도sh-ville,동작구,126.9543846,37.5021303
창동태영데시앙,도봉구,127.0334037,37.6429232
중계라이프신동아청구아파트,노원구,127.0787546,37.6513433
청량리한신,동대문구,127.0494012,37.5881072
흑석한강현대,동작구,126.9707,37.5066333
대치삼성,강남구,127.0583563,37.4963363
삼호,서초구,126.9868947,37.4974479
무악현대,종로구,126.960306,37.5751953
개봉현대홈타운2단지,구로구,126.8613353,37.4918455
목동현대아파트,양천구,126.8772093,37.520151
길동신동아,강동구,127.1488781,37.5401404
이편한세상 수색 에코포레,은평구,126.9000124,37.5868487
당산현대5차,영등포구,126.900834,37.5296467
길음래미안3차,성북구,127.0229072,37.6062699
마포삼성,마포구,126.9502808,37.5401501
방화2-2 그린,강서구,126.8195884,37.5746696
남서울럭키아파트,금천구,126.8989408,37.4482097
강일리버파크3단지,강동구,127.1751069,37.5655171
한강타운아파트,강서구,126.844997,37.5714005
롯데캐슬클래식,서초구,127.0214472,37.5000161
잠원동아,서초구,127.0101655,37.5087284
금천현대,금천구,126.8903796,37.4622731
신트리1단지,양천구,126.8548469,37.5141589
홍제한양,서대문구,126.9475449,37.5830058
방화6단지,강서구,126.8108332,37.5786033
독산한신,금천구,126.8893489,37.4555624
신내12단지,중랑구,127.0911463,37.6053662
이촌강촌아파트,용산구,126.9795589,37.5195296
거여1단지,송파구,127.1445317,37.4909438
가양9-2,강서구,126.863549,37.5587215
서대문천연뜨란채아파트,서대문구,126.958455,37.5676522
파크타워,용산구,126.9706853,37.5242783
등촌3단지주공아파트,강서구,126.841109,37.5616468
마장현대,성동구,127.0425631,37.5694733
도화현대1차아파트,마포구,126.9528767,37.5393237
광화문스페이스본 아파트,종로구,126.9686008,37.5744035
대치선경,강남구,127.0623396,37.4924221
등촌주공5단지,강서구,126.8449392,37.5605195
신내동성1차2차,중랑구,127.098393,37.6092058
역삼래미안,강남구,127.050065,37.4975233
반포경남,서초구,126.9997628,37.5058321
광장현대3단지아파트,광진구,127.0985124,37.5404026
개포주공6단지,강남구,127.0726818,37.489122
방화11단지,강서구,126.8055327,37.5701413
목동롯데캐슬위너,양천구,126.8672368,37.546889
신내4단지,중랑구,127.0848708,37.6166943
제기한신,동대문구,127.0391833,37.5888362
브라운스톤 돈암,성북구,127.0177941,37.5978757
청량리미주,동대문구,127.0468278,37.5839418
역삼럭키,강남구,127.0398285,37.4904585
신도림동아1차,구로구,126.8829702,37.5110653
리버힐삼성아파트,용산구,126.9497669,37.5348358
가양도시개발공사8단지(임대),강서구,126.8572021,37.5616771
답십리청솔우성,동대문구,127.0595902,37.574435
신내건영2차아파트,중랑구,127.0931157,37.6010825
DMC래미안클라시스(분양),서대문구,126.9165687,37.577934
상도더샵,동작구,126.9420377,37.5023958
래미안길음1차,성북구,127.0210492,37.60576
서초래미안,서초구,127.0188966,37.4985584
개포1차2차우성,강남구,127.0598978,37.4911216
목동2차우성,양천구,126.8666378,37.5077521
목동2차우성임대,양천구,126.865232,37.5062043
응봉대림강변,성동구,127.0358252,37.5534751
사당 대림아파트,동작구,126.972064,37.4877838
남가좌현대아파트,서대문구,126.9195759,37.5747049
대림현대3차,영등포구,126.8956193,37.5055203
수서신동아,강남구,127.09869,37.4872297
우장산롯데캐슬,강서구,126.8480525,37.5552159
종암삼성래미안,성북구,127.0301481,37.6010008
광장현대파크빌,광진구,127.1015396,37.5441501
신길삼환,영등포구,126.9193471,37.508155
자양더샵스타시티,광진구,127.072564,37.5378573
금호대우,성동구,127.0197123,37.5459761
하계청솔,노원구,127.0712601,37.6323401
신반포4차,서초구,127.0062945,37.5087416
금호벽산(임대),성동구,127.0258378,37.5543442
양평한신,영등포구,126.8921087,37.5401252
성내삼성,강동구,127.1245822,37.5311547
마포도화우성아파트,마포구,126.9473837,37.5369085
독산주공13단지,금천구,126.8868631,37.4578532
압구정한양아파트제1단지,강남구,127.0392943,37.53035
전농우성,동대문구,127.0649702,37.5772753
신내5단지대림두산,중랑구,127.0893092,37.6170175
구로삼성래미안,구로구,126.8919379,37.4875908
신도림태영타운,구로구,126.8886475,37.5060878
반포미도아파트,서초구,127.008831,37.5022696
성현동아,관악구,126.956341,37.4895721
금호두산,성동구,127.0164657,37.5506428
돈암삼성,성북구,127.0225984,37.5983263
대상타운현대,도봉구,127.0478802,37.6655235
월계동현대,노원구,127.0625936,37.6185533
구로두산,구로구,126.8886871,37.4893718
벽산6,금천구,126.916643,37.4494632
독립문극동,서대문구,126.9567073,37.5720665
문래자이아파트,영등포구,126.896786,37.5160389
상계은빛2단지,노원구,127.0535108,37.679964
신내9단지,중랑구,127.0944007,37.6122193
오금현대아파트,송파구,127.1257434,37.5048491
문정시영,송파구,127.1354526,37.490605
이문쌍용,동대문구,127.0685035,37.5997847
하계현대우성,노원구,127.0663518,37.6367077
고덕주공9단지,강동구,127.1498653,37.54796
중계주공3단지,노원구,127.0756379,37.6566663
서빙고신동아,용산구,126.9874041,37.5180956
신대방우성1차,동작구,126.9116108,37.4922794
불광미성,은평구,126.9283299,37.6149349
삼각산아이원,강북구,127.0181315,37.615229
목동8단지,양천구,126.8683514,37.5218999
창동쌍용,도봉구,127.0481785,37.6598502
잠실아시아선수촌,송파구,127.0767086,37.5074435
면목2동한신아파트,중랑구,127.0754781,37.5875092
개봉한진,구로구,126.8514274,37.4851033
방화5단지,강서구,126.8103825,37.5770617
래미안월곡,성북구,127.0368836,37.61044
이문e-편한세상,동대문구,127.0648775,37.6047456
목동4단지,양천구,126.8711975,37.5320037
상계은빛1단지,노원구,127.0539861,37.6815501
당산삼성래미안,영등포구,126.902986,37.5320908
공릉1단지,노원구,127.0701578,37.6301175
수서까치마을,강남구,127.0877692,37.4847039
서울숲한신더휴아파트,성동구,127.0366365,37.5549104
마곡수명산파크1단지,강서구,126.8304907,37.554396
번동1단지주공아파트,강북구,127.0472779,37.6247516
신내10단지,중랑구,127.0946105,37.6092763
수유벽산,강북구,127.017972,37.6419753
신림푸르지오,관악구,126.9104854,37.4791307
도원삼성래미안,용산구,126.9554472,37.5380983
가양6단지,강서구,126.8593109,37.5632285
가산두산위브,금천구,126.892642,37.4746215
홍은벽산,서대문구,126.9455393,37.5954557
목동한신청구,양천구,126.8816546,37.5414628
쌍문삼익,도봉구,127.0367266,37.657078
중화한신아파트,중랑구,127.0825323,37.5973448
가양3단지(강변),강서구,126.8556837,37.5652229
신반포한신2차,서초구,127.0010246,37.5092254
여의도시범아파트,영등포구,126.9385984,37.5205064
목동3단지,양천구,126.8714975,37.5341913
상계벽산,노원구,127.072822,37.6614862
구의현대프라임,광진구,127.0974527,37.5372144
목동11단지,양천구,126.859448,37.511398
관악우성아파트,관악구,126.9592709,37.4853872
신당약수하이츠,중구,127.015698,37.5549165
공릉풍림아이원,노원구,127.0667987,37.6290609
길음뉴타운대림4단지,성북구,127.0196483,37.612084
구의현대2단지,광진구,127.0961406,37.5394441
프라이어팰리스,강동구,127.1395194,37.5535297
가양2단지,강서구,126.8480726,37.5702365
대방대림,동작구,126.9246341,37.507338
"길음뉴타운푸르지오아파트2,3단지",성북구,127.0162373,37.611816
"쌍문한양2,3,4차",도봉구,127.032096,37.657183
등촌IPARK,강서구,126.8602577,37.5439103
래미안상도3차,동작구,126.9547179,37.4992699
창동삼성,도봉구,127.0485546,37.6490829
공릉태강,노원구,127.0832445,37.6236377
문정래미안,송파구,127.130255,37.4908501
신동아리버파크,동작구,126.9439718,37.5075289
금호벽산,성동구,127.0271242,37.551862
창동주공4단지,도봉구,127.0472453,37.6454834
서원아파트,도봉구,127.04809,37.6734511
상계주공12단지,노원구,127.0593426,37.6661694
개포대치2단지,강남구,127.075508,37.4946695
창동주공19단지,도봉구,127.0531884,37.6494912
래미안장안2차,동대문구,127.0754092,37.5739731
중계주공2단지,노원구,127.0779964,37.6579558
SH성산아파트,마포구,126.9014624,37.5643113
전농SK,동대문구,127.0595598,37.5764855
"잠실우성1,2,3차",송파구,127.073165,37.5068615
관악드림타운제2,관악구,126.9516251,37.4898158
목동5단지,양천구,126.8829057,37.5332441
목동12단지,양천구,126.8623246,37.5132319
하계6단지(장미),노원구,127.0678724,37.6337068
중계경남롯데상아,노원구,127.0626385,37.638983
압구정신현대,강남구,127.0244949,37.5262291
상계주공11단지,노원구,127.0556395,37.6657377
하계학여울청구,노원구,127.0616188,37.6357596
정릉풍림아이원,성북구,127.0073229,37.6185895
하계극동건영벽산,노원구,127.0648499,37.6355286
상계17단지,도봉구,127.0533313,37.6441576
창동동아청솔,도봉구,127.048141,37.6572555
개봉한마을,구로구,126.8624239,37.4952761
가양4단지,강서구,126.8510376,37.5650258
석관두산,성북구,127.0684003,37.6129055
월계주공1단지,노원구,127.0517313,37.6265297
"봉천두산1,2단지",관악구,126.9431459,37.4848788
상계주공2단지,노원구,127.0600209,37.6503337
목동9단지,양천구,126.8613466,37.5187044
신당남산타운임대,중구,127.0072969,37.5467804
창동북한산아이파크,도봉구,127.0437366,37.6579079
상계주공1단지,노원구,127.0590541,37.646847
가락쌍용1차,송파구,127.1285511,37.4954185
상계주공15단지,노원구,127.055611,37.6683012
관악푸르지오아파트,관악구,126.9608583,37.4873089
행당한진타운,성동구,127.0292269,37.5560348
구로주공,구로구,126.8755006,37.4935926
관악현대,관악구,126.9583526,37.4920393
상계주공4단지,노원구,127.0634916,37.6504505
화곡푸르지오,강서구,126.8313603,37.5446962
장안현대홈타운,동대문구,127.0745688,37.5698432
월곡두산위브아파트,성북구,127.0383738,37.6070339
신월시영아파트,양천구,126.8359615,37.5176143
상계주공14단지,노원구,127.0594091,37.6688541
목동13단지,양천구,126.8650104,37.514173
"신도림대림1,2차",구로구,126.880595,37.5058413
중계주공5단지,노원구,127.0766362,37.6532581
상계주공16단지,노원구,127.0553293,37.6687238
행당대림,성동구,127.0271171,37.557906
명일삼익그린2차,강동구,127.148467,37.5532919
가양5단지,강서구,126.8548294,37.5636713
개봉동현대아파트,구로구,126.858502,37.4920888
중계무지개아파트,노원구,127.0665685,37.6427243
대치미도맨션,강남구,127.067338,37.4933854
영등포푸르지오,영등포구,126.9045485,37.5120598
우장산아이파크이편한세상,강서구,126.8404024,37.5488035
목동7단지,양천구,126.869144,37.5290303
수서주공,강남구,127.0997555,37.4903395
중계시영3단지목련,노원구,127.069028,37.6465111
상계주공7단지,노원구,127.060964,37.6580044
"잠원한신4지구(8차~11차,17차)",서초구,127.0123844,37.5116554
상계주공6단지,노원구,127.0630823,37.6534408
상계주공10단지 ,노원구,127.0538808,37.6634281
도봉한신,도봉구,127.0480587,37.6857192
잠실레이크팰리스,송파구,127.0927735,37.5086223
관악벽산타운5단지,금천구,126.9187672,37.4482739
상계주공9단지,노원구,127.059948,37.662167
창동주공3단지,도봉구,127.045837,37.6500348
암사선사현대,강동구,127.1266968,37.5522571
신정양천,양천구,126.8632848,37.5099235
도곡렉슬,강남구,127.0489846,37.4930287
월계그랑빌,노원구,127.0685797,37.6178054
목동14단지,양천구,126.8713633,37.5151892
압구정현대아파트,강남구,127.0280917,37.5331972
방학신동아1단지,도봉구,127.0286105,37.6606886
강동롯데캐슬퍼스트아파트,강동구,127.1430468,37.556623
상계보람,노원구,127.0644118,37.6627915
신천장미1차2차,송파구,127.0994131,37.519587
반포자이,서초구,127.0135922,37.507538
중계그린,노원구,127.0641156,37.6420264
관악드림타운,관악구,126.9506808,37.4898239
잠실동트리지움,송파구,127.0895562,37.5083905
성산시영아파트,마포구,126.9028201,37.5684652
돈암한신한진아파트,성북구,127.0102405,37.5949161
월계시영고층,노원구,127.0657785,37.6239862
반포본동아파트,서초구,126.9869329,37.5030465
은마,강남구,127.0650701,37.4977415
올림픽훼밀리타운,송파구,127.1143761,37.4885215
개포주공1단지,강남구,127.0585214,37.4800022
올림픽선수기자촌아파트,송파구,127.1361039,37.5179148
잠실리센츠,송파구,127.088451,37.5127515
잠실파크리오,송파구,127.1093216,37.5212508
공덕래미안5차,마포구,126.9521365,37.5507992
고덕리엔파크2단지,강동구,127.1731354,37.5597131
반포미도2차,서초구,127.0075124,37.5023578
잠실5단지아파트,송파구,127.093004,37.5143691
월계유원,노원구,127.0454771,37.629816
갈현베르빌주상복합아파트,은평구,126.9168122,37.6122422
독산주공14단지,금천구,126.8865685,37.4601188
종암선경아파트,성북구,127.0338125,37.5944341
휘경 미소지움아파트,동대문구,127.0644927,37.5915179
돈암힐스테이트,성북구,127.0149705,37.5986397
홍제원 현대,서대문구,126.9495987,37.5876675
한일유앤아이,강북구,127.0365907,37.6148297
종암2차아이파크,성북구,127.0309927,37.5973718
봉천건영6차아파트,관악구,126.9518898,37.4770751
청실아파트,구로구,126.8597726,37.4954923
종암SK,성북구,127.0369642,37.6010883
송파파인타운6단지,송파구,127.1320225,37.4802994
월계초안산쌍용,노원구,127.0443868,37.6304246
한강쌍용,동작구,126.9529795,37.5121972
반포푸르지오,서초구,126.9971987,37.5040994
신내경남아너스빌,중랑구,127.0970347,37.6037982
서울수목원현대홈타운스위트,구로구,126.8198155,37.4842505
방배한신트리플,서초구,126.9893021,37.4912762
마곡중앙하이츠아파트,강서구,126.80664,37.5697906
한남힐스테이트,용산구,127.0038012,37.5287855
목동1단지,양천구,126.880561,37.5392044
충정리시온,서대문구,126.9651045,37.5604168
홍제인왕산현대,서대문구,126.9501007,37.5856879
신동아파밀리에,성북구,127.0540258,37.6072388
마천우방,송파구,127.1520468,37.5003286
방학신동아3단지,도봉구,127.0232617,37.6602606
롯데캐슬루나,노원구,127.0507602,37.6259588
여의도대우트럼프월드,영등포구,126.932358,37.5176189
동작상떼빌주상복합,동작구,126.9069458,37.4874945
북한강성원아파트,용산구,126.9537952,37.5273113
고덕현대아파트,강동구,127.1535479,37.5505067
은평뉴타운상림마을14단지,은평구,126.9291039,37.6484546
하계삼익선경,노원구,127.076932,37.6390508
신림2차푸르지오,관악구,126.9199177,37.4613553
한남하이츠,성동구,127.0141559,37.539745
옥수삼성,성동구,127.0140492,37.5423772
중계건영2차,노원구,127.0666719,37.6474564
서울숲힐스테이트,성동구,127.0521533,37.5412384
쌍용예가클래식,서초구,126.9877923,37.493704
은평뉴타운상림마을5단지,은평구,126.9308402,37.6475351
서강한화오벨리스크스위트,마포구,126.9318242,37.5465994
삼선푸르지오아파트,성북구,127.0133812,37.5834945
은평뉴타운상림마을7단지,은평구,126.9355523,37.6506098
송파파인타운2단지,송파구,127.1312464,37.4839845
우장산힐스테이트,강서구,126.8414673,37.5557622
마포동원베네스트,마포구,126.9523524,37.5403318
종암아이파크1차,성북구,127.0298689,37.6025494
롯데캐슬골드,송파구,127.1006125,37.5145557
은평뉴타운상림마을6단지,은평구,126.924494,37.6354766
래미안미아1차,강북구,127.019477,37.6260408
상계미도,노원구,127.0610376,37.6461776
이문삼성래미안아파트,동대문구,127.0568469,37.6004297
홍은두산,서대문구,126.9316681,37.579183
대림동현대,영등포구,126.9081879,37.4930349
은평뉴타운상림마을4단지,은평구,126.9293087,37.6482939
수유극동아파트,강북구,127.0121448,37.6419306
관악산휴먼시아,관악구,126.9212183,37.4616692
연희성원,서대문구,126.9391726,37.5764491
방학청구,도봉구,127.0262264,37.6580542
관악벽산블루밍,관악구,126.9454566,37.4884554
은평뉴타운상림마을10단지,은평구,126.9286741,37.648085
은평뉴타운상림마을11단지,은평구,126.9262676,37.6322759
방학우성1차,도봉구,127.0238773,37.6579642
우장산롯데2차,강서구,126.8427487,37.5546673
묵동극동늘푸른아파트,중랑구,127.0761342,37.6146204
DMC센트레빌,서대문구,126.9156652,37.5759769
북한산힐스테이트1차,은평구,126.937083,37.6126016
방학명품ESA2단지,도봉구,127.0456136,37.6664768
청담건영아파트,강남구,127.0523705,37.5274224
성수2차대우,성동구,127.0501613,37.5484228
SK북한산시티아파트,강북구,127.0123459,37.6181847
목동2단지,양천구,126.8762201,37.5374403
보라매우성,동작구,126.9251592,37.492347
상도현대,동작구,126.9516004,37.5009336
성북역신도브래뉴,노원구,127.0589298,37.6231556
신림벽산블루밍,관악구,126.9311914,37.4639058
상계주공3단지,노원구,127.0568216,37.651102
역삼개나리푸르지오,강남구,127.0499952,37.4997285
북아현두산,서대문구,126.9501114,37.5591855
월드컵아이파크1단지,마포구,126.9145216,37.5676304
상도삼호,동작구,126.9509806,37.5012043
개봉동아이파크,구로구,126.8597407,37.4898358
은평뉴타운상림마을제3단지,은평구,126.9298087,37.6489181
송파삼성래미안,송파구,127.1182753,37.5047161
등촌우성101동,강서구,126.8603664,37.5573574
등촌우성102동,강서구,126.8599261,37.5576039
월계역신도브래뉴,노원구,127.0586793,37.6290399
고척마젤란,구로구,126.8640402,37.5043049
하계한신동성,노원구,127.0755733,37.6398137
송파파인타운3단지,송파구,127.1328807,37.483645
수서1-1단지아파트,강남구,127.0909823,37.4927536
종로센트레빌,종로구,127.015931,37.5809831
관악동부센트레빌,관악구,126.951485,37.4871792
신동아아파트,서초구,127.024545,37.4904484
서울대입구삼성아파트,관악구,126.9519775,37.4762414
연희임광아파트,서대문구,126.927128,37.5652014
정릉1차e-편한세상,성북구,127.0101777,37.6150052
삼성래미안공덕4차,마포구,126.9514027,37.5499127
공릉현대성우,노원구,127.0774494,37.6264863
종암극동아파트,성북구,127.0336943,37.5952864
서초현대아파트,서초구,127.0201769,37.4909929
명수대현대아파트,동작구,126.9667533,37.5079377
옥수강변풍림아이원,성동구,127.0195002,37.5422717
벽산라이브파크,강북구,127.0108365,37.6211567
목동트라팰리스,양천구,126.8702493,37.5254967
임광관악파크,관악구,126.9190257,37.4698044
등촌대동황토방2차아파트,강서구,126.8624005,37.5551809
삼성산주공3단지,관악구,126.9261337,37.462525
역삼2차아이파크,강남구,127.0520538,37.4967427
서초현대ESA2차,서초구,127.0085802,37.4910746
현대슈퍼빌,서초구,127.0160375,37.4830098
서초삼성쉐르빌2,서초구,127.0278848,37.4939673
방화동성아파트,강서구,126.8119701,37.5796258
길성그랑프리텔1차,강서구,126.8393323,37.5520159
시흥월드메르디앙,금천구,126.9071306,37.4597256
봉천벽산블루밍3차,관악구,126.9444368,37.4884282
신내6단지,중랑구,127.091946,37.6153429
하왕십리극동미라주2,성동구,127.023323,37.5595286
월계2차한일,노원구,127.0620191,37.6212242
테헤란로대우아이빌,강남구,127.0540217,37.5056902
개포한신,강남구,127.0786887,37.4911612
DMC상암센트럴파크2단지,마포구,126.896649,37.575112
방배신삼호,서초구,126.9897344,37.4971521
한가람아파트,용산구,126.9735558,37.5213784
SK허브진주상복합아파트,강동구,127.1327538,37.5351624
봉천동아제2,관악구,126.9561802,37.487826
여의도자이,영등포구,126.925912,37.5182033
역삼쌍용플래티넘밸류,강남구,127.0304134,37.4954031
성수쌍용,성동구,127.04712,37.5495253
래미안엘파인,동대문구,127.065374,37.575779
방학동부센트레빌,도봉구,127.0395517,37.6633044
라이프아파트,관악구,126.913185,37.4771101
신동아5,동작구,126.9769147,37.4910995
이촌,용산구,126.9779266,37.5200205
낙성대현대홈타운,관악구,126.9635627,37.4806862
래미안석관,성북구,127.0545119,37.6083777
브라운스톤공덕,마포구,126.9559987,37.5411796
신동아리버파크제2관리사무소,동작구,126.9429565,37.5065005
관악국제산장,관악구,126.9280602,37.4612442
서초아트자이,서초구,127.0113898,37.4856728
타워팰리스1차,강남구,127.0544454,37.4882233
길동삼익파크,강동구,127.1476738,37.5448343
목동10단지,양천구,126.8587497,37.5165011
연희대림아파트,서대문구,126.9362953,37.5754721
타워팰리스2차,강남구,127.0544975,37.4897089
한일써너스빌아파트,중랑구,127.0912331,37.5972558
강일리버파크5단지,강동구,127.1782697,37.5678721
강일리버파크7단지,강동구,127.1784546,37.5653816
양재SK허브프리모,강남구,127.0344139,37.4853103
정릉2차 e편한세상,성북구,127.018734,37.6001826
벽산1,도봉구,127.0317182,37.6600699
창신쌍용아파트2단지,종로구,127.0117627,37.5806115
용산파크자이,용산구,126.9733121,37.5364563
은평뉴타운박석고개13단지아파트,은평구,126.9148018,37.635659
은평뉴타운박석고개1단지,은평구,126.9207485,37.6337149
미아경남아너스빌,강북구,127.0357365,37.6151287
래미안퍼스티지,서초구,126.9997222,37.502999
천호동아코아,강동구,127.125912,37.5412753
도곡한신,강남구,127.0402373,37.4878586
미아현대,강북구,127.0258094,37.6307852
중계주공1단지,노원구,127.0658713,37.6478396
중계주공9단지,노원구,127.0742657,37.6430931
서울우면,서초구,127.0242323,37.4701978
대방주공1단지,동작구,126.9300624,37.5108249
등촌주공4단지,강서구,126.8430032,37.5621004
등촌주공7단지,강서구,126.851713,37.5605474
등촌주공9단지,강서구,126.849539,37.5616596
가양7단지,강서구,126.8616635,37.5621998
신림주공2단지,관악구,126.9267088,37.464009
등촌주공6단지,강서구,126.8484236,37.5594739
등촌주공11단지,강서구,126.8491076,37.559166
신림주공1단지,관악구,126.9275015,37.4658557
개포7차우성,강남구,127.0783361,37.4922905
창동대우그린아파트,도봉구,127.0495729,37.6463829
송파성원상떼빌,송파구,127.1204414,37.4950598
돈의문센트레빌,서대문구,126.9613516,37.5662487
목동6단지,양천구,126.8850851,37.5350632
홍제청구3차,서대문구,126.9528765,37.5804108
타워팰리스G동,강남구,127.0528363,37.4873383
신림현대,관악구,126.9323775,37.4749367
성동삼성쉐르빌,성동구,127.0349533,37.5643993
한화오벨리스크,송파구,127.1219307,37.4948246
삼선힐스테이트,성북구,127.0135763,37.5821384
고척LIG리가아파트,구로구,126.8620712,37.5060999
금천이랜드해가든,금천구,126.8930588,37.4610157
서울주택도시공사 수서6단지,강남구,127.1045185,37.487264
고척파크푸르지오,구로구,126.857232,37.5071864
밤섬경남아너스빌,마포구,126.936584,37.5466152
보라매삼성쉐르빌,동작구,126.9233792,37.4914294
홍은미성아파트,서대문구,126.935449,37.5938186
목동현대A,양천구,126.8777861,37.5231682
수유역두산위브,강북구,127.0320254,37.6358401
중랑해모로,중랑구,127.1101282,37.6027085
개포주공4단지,강남구,127.0731699,37.4863102
서초삼풍,서초구,127.0160708,37.4991876
구산그린빌,은평구,126.904381,37.6054333
한화진넥스빌,강남구,127.0442572,37.501959
고척대우,구로구,126.8554746,37.5030323
서초이오빌,서초구,127.012987,37.486602
수락리버시티 4단지,노원구,127.0537182,37.6860425
수락리버시티3단지,노원구,127.0542161,37.6877248
온수힐스테이트,구로구,126.820976,37.4971229
고덕아이파크아파트,강동구,127.1556425,37.5589031
DMC자이1단지,은평구,126.898834,37.5792037
래미안세레니티,성북구,127.0313424,37.5993452
래미안그레이튼3차,강남구,127.0481579,37.4964808
남산센트럴자이,중구,126.9976903,37.5627311
이튼타워리버5차,광진구,127.0691221,37.5321145
은평뉴타운마고정3단지,은평구,126.9272246,37.6333845
은평뉴타운마고정11단지,은평구,126.914929,37.6337285
남산SK리더스뷰,중구,126.9806109,37.5591878
송파파인타운1단지,송파구,127.1346692,37.4868275
은평뉴타운마고정2단지,은평구,126.9198476,37.6318934
신내데시앙,중랑구,127.0994663,37.6109282
래미안허브리츠,동대문구,127.035661,37.5755
은평뉴타운우물골8단지,은평구,126.9315448,37.6366325
은평뉴타운우물골5단지,은평구,126.9276171,37.6345812
은평뉴타운우물골7단지,은평구,126.928169,37.6371052
신길자이,영등포구,126.9165908,37.506462
양천중앙하이츠,양천구,126.8643152,37.5054476
방화삼성꽃마을,강서구,126.8134094,37.5723918
한강밤섬자이아파트,마포구,126.9281273,37.5448541
상도두산위브,동작구,126.9438666,37.5048087
당산반도유보라,영등포구,126.9013023,37.5273128
꿈의숲푸르지오,성북구,127.0390029,37.6107743
행당두산위브아파트,성동구,127.0309513,37.5572723
염창강변월드메르디앙,강서구,126.8654272,37.5577389
서초교대e편한세상,서초구,127.0166404,37.4964455
흑석해가든,동작구,126.9621949,37.5066777
DMC상암센트럴파크1단지,마포구,126.8968328,37.5740878
래미안트리베라2차,강북구,127.0204597,37.6175436
황학아크로타워,중구,127.0214788,37.5664017
래미안트리베라1차,강북구,127.0212663,37.6134883
신공덕삼성임대,마포구,126.9560689,37.5422845
창전삼성임대,마포구,126.9281799,37.5500345
북가좌삼호제2,서대문구,126.9121106,37.5768267
당산쌍용예가클래식,영등포구,126.8936328,37.5276902
리첸시아용산,용산구,126.967643,37.5383221
래미안그레이튼,강남구,127.0472661,37.4951609
남가좌현대제2,서대문구,126.920496,37.5747183
양천롯데캐슬,양천구,126.8400971,37.5233264
방배서리풀e편한세상,서초구,126.9983266,37.4839116
은평뉴타운구파발9-2단지,은평구,126.9238442,37.6438336
상암월드컵파크11단지,마포구,126.882139,37.587704
은평뉴타운구파발9단지1관리,은평구,126.9192866,37.6381577
효창파크푸르지오,용산구,126.9575243,37.5403072
청계벽산아파트제2관리사무소,성동구,127.0311734,37.5694004
월계사슴1단지,노원구,127.0605132,37.6300507
금호베스트빌아파트 제2관리사무소,성동구,127.0257287,37.561962
길음뉴타운8단지,성북구,127.0179788,37.6074358
신정삼성SH임대,양천구,126.8762766,37.5171091
서울주택도시공사 목동현대B 임대아파트,양천구,126.8766622,37.5181305
독립문극동임대,서대문구,126.9548958,37.5725382
브라운스톤용산,용산구,126.9591984,37.5362695
도봉서원제2,도봉구,127.0474639,37.6704232
보라매e편한세상,동작구,126.9285594,37.4954331
정릉풍림아이원임대,성북구,127.0073658,37.6159569
길음SHVILLE,성북구,127.0206567,37.610759
상계동아불암임대,노원구,127.0786452,37.6662247
북한산힐스테이트3차,은평구,126.9357306,37.6181527
상암월드컵파크9단지,마포구,126.8781709,37.5847997
상암월드컵파크12단지,마포구,126.8798182,37.5869909
홍제원현대임대,서대문구,126.9505613,37.5866004
인왕산현대,서대문구,126.9516215,37.5838257
SK북한산시티임대,강북구,127.0127489,37.6199864
상계은빛3단지,노원구,127.0572807,37.6829881
신내9단지임대,중랑구,127.0947323,37.6119902
은평뉴타운제각말5단지제2,은평구,126.9308273,37.6312466
길음뉴타운8단지제2,성북구,127.0200838,37.6090126
길음뉴타운9단지제2,성북구,127.0212232,37.6034115
대림아파트201동,동대문구,127.0630015,37.6047975
은평뉴타운제각말5단지제1,은평구,126.9321409,37.6284338
은평뉴타운폭포동4단지제2,은평구,126.9348048,37.6379708
송천센트레빌,강북구,127.0252696,37.6125334
래미안라센트,성북구,127.0386085,37.599309
이문현대임대,동대문구,127.0708389,37.6022736
이문쌍용임대,동대문구,127.0679412,37.6017621
길음뉴타운7단지,성북구,127.0188321,37.6097649
은평뉴타운제각말5단지제3관리사무소,은평구,126.9168896,37.6340464
봉천두산3단지,관악구,126.9459464,37.4853533
당산SHVILLE,영등포구,126.9015338,37.5242149
은평뉴타운폭포동4단지제3,은평구,126.9396204,37.6434624
신정푸른마을1단지임대,양천구,126.8362128,37.5126705
종암SK제2,성북구,127.0348767,37.6016999
월곡두산제2아파트임대,성북구,127.0394001,37.60521
동아에코빌,성북구,127.0451712,37.6066138
래미안종암3차,성북구,127.0388225,37.6011338
래미안종암2차,성북구,127.0298341,37.5983534
면목,중랑구,127.0878438,37.5918939
산천리버힐제2,용산구,126.9513,37.5353
전농동아임대,동대문구,127.0462304,37.5749269
행당한진타운제2,성동구,127.0264327,37.5552849
행당한신임대,성동구,127.0374534,37.5539031
금호대우임대,성동구,127.0222961,37.5467561
청량리홍릉동부임대,동대문구,127.0450821,37.5854139
답십리청솔우성제2,동대문구,127.0611525,37.5751663
관악벽산블루밍임대,관악구,126.945049,37.4895169
답십리동아제2,동대문구,127.061107,37.5682471
답십리두산제2,동대문구,127.0592655,37.5688105
옥수삼성임대,성동구,127.0137069,37.5424072
마포한화오벨리스크,마포구,126.945289,37.5399269
래미안용두1차,동대문구,127.0369774,37.5763303
상암월드컵파크10단지,마포구,126.881979,37.5861713
쌍용남산플래티넘,중구,126.9832431,37.5595151
은평뉴타운구파발10단지1관리,은평구,126.9171292,37.6425395
북한산래미안,은평구,126.9385821,37.6115563
하계학여울청구A,노원구,127.0634711,37.6338463
래미안길음뉴타운9단지,성북구,127.0194534,37.6037972
둔촌푸르지오,강동구,127.1464079,37.5341284
본동SH-ville,동작구,126.9496541,37.5107805
중계4단지목화,노원구,127.0696523,37.6435986
방배SH-VILLE,서초구,126.9836476,37.4720641
독산동한양수자인아파트,금천구,126.8994054,37.4754599
브라운스톤동선,성북구,127.0134702,37.5963742
고척벽산베스트블루밍,구로구,126.8595883,37.5046604
청계한신휴플러스,동대문구,127.0461674,37.5726683
시흥목련,금천구,126.8976618,37.4545977
은평뉴타운구파발10단지2관리,은평구,126.9236501,37.6449549
래미안아름숲,동대문구,127.0604943,37.5800088
은평뉴타운제각말5단지제4,은평구,126.9167365,37.634766
역촌센트레빌,은평구,126.9060015,37.6031215
신공덕2삼성래미안제2,마포구,126.9587059,37.5464693
천호삼성임대,강동구,127.1346837,37.537813
상도래미안1차제2,동작구,126.9330742,37.5053283
은평뉴타운폭포동4단지제1,은평구,126.9307251,37.631385
고덕리엔파크3단지,강동구,127.1747855,37.5513683
한남더힐,용산구,127.0094956,37.5369784
송파파크데일2단지,송파구,127.1587776,37.4957796
종암2차SK뷰,성북구,127.0347914,37.6017652
강남신동아파밀리에1단지,강남구,127.1001458,37.4645363
강남신동아파밀리에2단지,강남구,127.1027666,37.4641686
세곡리엔파크3단지,강남구,127.1042851,37.4638037
송파파크데일1단지,송파구,127.1592193,37.4988304
용산e편한세상,용산구,126.9662337,37.5366333
신림SH빌(임대),관악구,126.91976,37.462554
고덕리엔파크1단지,강동구,127.1714936,37.5616716
장안위더스빌,동대문구,127.0625289,37.5664908
휘경센트레빌,동대문구,127.0684021,37.5910393
서울숲행당푸르지오,성동구,127.0331791,37.5554384
도곡쌍용예가,강남구,127.0390313,37.4870576
묵동자이,중랑구,127.0775593,37.6138498
회기힐스테이트,동대문구,127.0529551,37.590378
신정이펜하우스2단지,양천구,126.8304576,37.5159445
마포펜트라우스,마포구,126.9541219,37.543383
신정이펜하우스5단지,양천구,126.8333166,37.5107745
신정이펜하우스4단지,양천구,126.8298689,37.5107697
신정이펜하우스3단지,양천구,126.8317714,37.5117701
반포리체,서초구,127.0133366,37.5037656
신도림디큐브시티,구로구,126.8889308,37.5086043
세곡리엔파크4단지,강남구,127.1019693,37.4620861
흑석한강센트레빌,동작구,126.9652808,37.5062196
천왕이펜하우스6단지,구로구,126.841051,37.4783405
천왕이펜하우스2단지,구로구,126.8384921,37.4848726
반포힐스테이트,서초구,126.9968046,37.5012624
노량진쌍용예가,동작구,126.9436275,37.5100516
미아뉴타운두산위브트레지움,강북구,127.0171258,37.6175803
보문하우스토리주상복합,성북구,127.020972,37.5841612
동일하이빌뉴시티,성북구,127.031103,37.6050605
청담자이,강남구,127.0572143,37.5236075
천왕이펜하우스1단지,구로구,126.8393033,37.4827687
북한산힐스테이트7차,은평구,126.9268481,37.6161545
남성두산위브트레지움,동작구,126.9711806,37.4854989
백련산힐스테이트2차,은평구,126.9236217,37.5911513
래미안신당하이베르,중구,127.0232537,37.5614662
래미안트윈파크,동작구,126.9514157,37.5136882
청구e편한세상(분양),중구,127.0166741,37.5604078
성수갤러리아포레,성동구,127.0423375,37.545725
래미안송파파인탑,송파구,127.1200186,37.5026839
서초네이처힐4단지,서초구,127.0257879,37.4641257
서초네이처힐5단지,서초구,127.0242166,37.4629804
서초네이처힐7단지,서초구,127.0232665,37.4620461
강남데시앙파크,강남구,127.1011882,37.4602887
그랜드아이파크,강서구,126.8513842,37.5550253
고척월드메르디앙,구로구,126.8628607,37.5029166
백련산힐스테이트1차,은평구,126.9253163,37.5920025
청구e편한세상임대,중구,127.0187194,37.5606081
래미안신당하이베르임대,중구,127.0227976,37.5613365
은평뉴타운구파발10단지3관리,은평구,126.9220425,37.6432492
중계현대3차,노원구,127.0817573,37.6503905
백련산힐스테이트3차,은평구,126.9240993,37.5879981
신정뉴타운두산위브,양천구,126.845664,37.5191587
백련산힐스테이트임대,은평구,126.9242045,37.5895014
남서울힐스테이트,금천구,126.9012055,37.4478428
둔촌현대3차,강동구,127.1452461,37.5272306
중랑숲Liga아파트,중랑구,127.1049598,37.6023636
남산롯데캐슬아이리스,중구,126.9815848,37.5585392
금호자이1차,성동구,127.0230548,37.5526896
홍은동원베네스트,서대문구,126.9439015,37.5991679
광장힐스테이트,광진구,127.0995743,37.5431841
어울림더리버아파트,성동구,127.0181964,37.5423084
브라운스톤휘경,동대문구,127.0663104,37.5903425
우장산한화꿈에그린,강서구,126.8474014,37.5540236
길음서희스타힐스,성북구,127.0273295,37.6054073
래미안하이리버,성동구,127.0245138,37.5514831
LIG서울역리가,중구,126.9669575,37.5558961
래미안하이리버제2임대,성동구,127.0232747,37.5520681
세곡푸르지오,강남구,127.0934913,37.4667727
메세나폴리스,마포구,126.9139379,37.5513225
삼선SKView,성북구,127.0116441,37.5873248
흑석한강푸르지오,동작구,126.9653721,37.503001
동화히스토리,강남구,127.0235418,37.5105348
힐스테이트상도센트럴파크,동작구,126.9511563,37.4958315
금하뜨라네,양천구,126.8240316,37.5341093
개나리SKVIEW,강남구,127.0498504,37.5014785
서초네이처힐3단지,서초구,127.0290557,37.4732183
은평뉴타운박석고개제12단지아파트,은평구,126.9200529,37.6317031
서초힐스,서초구,127.0181061,37.4574393
성북동아에코빌,성북구,127.0457572,37.6079078
DMC래미안e편한세상,서대문구,126.9109013,37.572773
금호자이2차,성동구,127.0218834,37.5503366
서울숲2차푸르지오,성동구,127.0242693,37.5463614
잠실푸르지오월드마크,송파구,127.1036042,37.5174478
흑석한강센트레빌2차,동작구,126.9585023,37.5024601
답십리한화,동대문구,127.0540053,37.5669286
양재리본타워1단지,서초구,127.033003,37.473609
전농삼성임대,동대문구,127.0556151,37.5812702
답십리래미안임대,동대문구,37.5730575,127.0527718
용두두산위브임대,동대문구,127.0362468,37.5734086
래미안아름숲임대,동대문구,127.0612745,37.5809029
쌍용스위트닷홈임대,동작구,127.1345555,37.537777
왕십리주상복합,성동구,127.0294651,37.5695376
행당푸르지오임대,성동구,127.032453,37.5553872
은평뉴타운상림마을9단지,은평구,126.9286213,37.6474316
북한산래미안임대,은평구,126.936266,37.6116519
북한산래미안아파트(임대),은평구,126.9267737,37.6166044
신정이펜하우스1단지(총세대 기준),양천구,126.8272849,37.5148377
녹번역센트레빌,은평구,126.9266602,37.5989096
공덕아이파크,마포구,126.9560556,37.544744
개봉거성,구로구,126.8511473,37.4890709
길음뉴타운7단지 제2,성북구,127.0188123,37.6097441
벽산라이브파크2차,강북구,127.0088262,37.6195737
송파더센트레아파트,송파구,127.1398596,37.4793709
신정뉴타운롯데캐슬,양천구,126.8472217,37.5188916
LH서초5단지,서초구,127.0255344,37.4590171
돈암신일해피트리,성북구,127.0116899,37.5979949
송파꿈에그린아파트,송파구,127.1393766,37.4762215
이수힐스테이트,동작구,126.9801633,37.4942151
힐스테이트상도프레스티지,동작구,126.9482556,37.4947757
이수역리가,동작구,126.9739891,37.489462
래미안포레,강남구,127.1026943,37.4817688
테헤란 IPARK,강남구,127.045892,37.5022736
천왕연지타운1단지,구로구,126.8376654,37.4773553
천왕연지타운2단지,구로구,126.8447896,37.4829188
일성트루웰,동대문구,127.0651455,37.5655892
서초포레스타5단지,서초구,127.0576442,37.4511442
불광롯데캐슬,은평구,126.9324764,37.6130801
리버뷰신안인스빌,영등포구,126.8885771,37.5142061
래미안강남힐즈,강남구,127.0941087,37.4741702
신내우디안1단지,중랑구,127.1067198,37.6188699
신내 데시앙포레  ,중랑구,127.1095902,37.6166178
강남한양수자인,강남구,127.1116326,37.4761329
용산더프라임,용산구,126.9699352,37.5401796
강남데시앙포레,강남구,127.0911995,37.4809973
왕십리텐즈힐2구역214동,성동구,127.0248409,37.5691892
연희자이엘라,서대문구,126.9281324,37.56397
서초호반써밋,서초구,127.0132853,37.4564764
양재리본타워2단지,서초구,127.0361275,37.4651237
마곡엠밸리7단지,강서구,126.82393,37.5640943
방배롯데캐슬아르떼,서초구,126.9844578,37.4837751
서초포레스타3단지,서초구,127.0589501,37.4550374
마포래미안푸르지오,마포구,126.9542913,37.552355
마곡엠밸리14단지,강서구,126.8240725,37.5580573
마곡엠밸리15단지,강서구,126.828490555,37.55735462
강서힐스테이트아파트,강서구,126.8368532,37.5460793
래미안대치하이스턴,강남구,127.0656002,37.5011653
LH강남3단지,강남구,127.0910326,37.4707617
청담래미안로이뷰,강남구,127.0428004,37.5179279
개봉푸르지오,구로구,126.8481278,37.5004521
아크로힐스논현,강남구,127.0389311,37.509505
중계한화꿈에그린더퍼스트,노원구,127.0742258,37.6592065
마곡엠밸리1단지,강서구,126.8184548,37.568346
마곡엠밸리4단지,강서구,126.8239464,37.5688811
마곡엠밸리6단지,강서구,126.820168853,37.56465052
신대림신동아파밀리에,영등포구,126.9027247,37.4950646
레전드힐스,영등포구,126.9083697,37.5056076
동부센트레빌아스테리움서울,용산구,126.9732233,37.5516976
마포자이2차,마포구,126.9410747,37.5492559
래미안밤섬리베뉴 Ⅰ,마포구,126.9252469,37.5461503
래미안밤섬리베뉴 2,마포구,126.9271752,37.5469174
서희스타힐스,마포구,126.943257632,37.556299913
래미안도곡카운티,강남구,127.050853119,37.495329456
강남엘에이치1단지,강남구,127.1030382,37.4666728
대원칸타빌(신사동),강남구,127.0372664,37.5274459
거평프리젠,강남구,127.0276331,37.5063208
중명하니빌,강남구,127.038958,37.485888
금호어울림(삼성동),강남구,127.0647596,37.5169216
논현베르빌,강남구,127.0566986,37.574381
선경301(대치동),강남구,127.1346666,37.538888
서울숲더샵,성동구,127.0401158,37.5572161
마곡엠밸리5단지,강서구,126.8174976,37.5658378
서초더샵포레,서초구,127.0644871,37.4511481
강남브리즈힐,강남구,127.0911124,37.4726409
상봉프레미어스엠코,중랑구,127.0903793,37.5980973
영등포아트자이,영등포구,126.9001766,37.5103949
이편한세상보문,성북구,127.0156861,37.5826725
서초포레스타6단지,서초구,127.055028706,37.45014991
용마산하늘채아파트,중랑구,127.087070196,37.57185787
금호어울림센터힐아파트,성북구,127.022839,37.600867
서초포레스타2단지아파트,서초구,127.062595724,37.454702914
오픈아파트2,성북구,127.0634,37.482968
래미안위브,동대문구,127.052370031,37.57285189
용두 롯데 캐슬리치 아파트,동대문구,127.030470001,37.579419433
공덕자이(임대),마포구,126.958866047,37.554668818
래미안첼리투스,용산구,126.980211454,37.517858789
은평뉴타운기자촌11단지,은평구,126.932717287,37.63396029
텐즈힐1단지,성동구,127.029523531,37.567343812
대우한강베네시티,강동구,127.124974393,37.540557831
강남한신휴플러스 6단지,강남구,127.106816655,37.471790158
래미안크레시티,동대문구,127.049688319,37.57552441
석촌호수 효성해링턴타워,송파구,127.100344823,37.506573966
e편한세상마포리버파크,마포구,126.943227994,37.541663869
LH강남힐스테이트아파트,강남구,127.089608304,37.471808424
북한산코오롱하늘채,도봉구,127.024031352,37.647885232
공덕자이 아파트,마포구,126.957785372,37.553825904
위례아이파크아파트,송파구,127.142285942,37.477145973
신촌푸르지오 아파트,서대문구,126.956000417,37.561909131
위례 송파푸르지오,송파구,127.141167508,37.481599452
정릉꿈에그린아파트,성북구,127.011139326,37.601861521
힐스테이트서초젠트리스,서초구,127.058537351,37.456174198
텐즈힐2구역,성동구,127.024113236,37.570537362
래미안 대치 팰리스,강남구,127.058330579,37.497179415
목동센트럴푸르지오아파트,양천구,126.87667139085,37.5237460322195
래미안프레비뉴,영등포구,126.909349842,37.504997784
상도2차 두산위브트레지움 아파트,동작구,126.942294155,37.504794039
꿈의숲 SK뷰 아파트,노원구,127.053592,37.622032
청계천두산위브더제니스,중구,127.017090685,37.566864484
공덕파크자이 아파트,마포구,126.947969482459,37.544870536681
상봉듀오트리스,중랑구,127.09220427,37.59736204
관악파크푸르지오,관악구,126.962149931,37.482228824
당산브라운스톤아파트,영등포구,126.902503999,37.527217482
강서쌍용예가아파트,강서구,126.866261225,37.555261117
중계센트럴파크아파트,노원구,127.059585259544,37.6431974154098
노원프레미어스엠코,노원구,127.076197120371,37.6185320161544
신금호파크자이아파트,성동구,127.017996318,37.554491403
DMC파크뷰자이아파트,서대문구,126.922655933,37.573897103
강남효성해링턴코트,강남구,127.09654275,37.473209395
강서한강자이,강서구,126.8481254,37.566471385
북한산 푸르지오 아파트,은평구,126.933751561,37.60557539
역삼자이아파트,강남구,127.040128519,37.505881731
래미안 웰스트림,마포구,126.912174762,37.545900753
강남더샵포레스트,강남구,127.09520578873,37.4810280655445
서울 왕십리 KCC스위첸아파트,성동구,127.026651584718,37.5608836320414
목동힐스테이트,양천구,126.856168,37.520319
신내의료안심주택,중랑구,127.097182157,37.614174941
힐스테이트 송파위례아파트,송파구,127.142154569,37.478644524
송파 와이즈더샵,송파구,127.143446683975,37.4763790289476
마곡엠밸리2단지,강서구,126.820710938,37.569117369
강동역신동아파밀리에,강동구,127.133588053,37.536758671
마곡엠밸리12단지,강서구,126.822877,37.559259
래미안 신반포팰리스,서초구,127.013632374325,37.5151866765696
마곡힐스테이트,강서구,126.818111,37.564067
올림픽파크한양수자인,강동구,127.128374,37.526798
파크하비오푸르지오아파트,송파구,127.123648601561,37.4806144984781
위례2차아이파크아파트,송파구,127.142191153,37.481741467
상도 휴엔하임 도시형생횔주택,동작구,126.93796686,37.504968122
강남한신휴플러스 8단지,강남구,127.109208453,37.472644746
인현신성,중구,126.995814695,37.56355333
도곡한라비발디아파트,강남구,127.039063066,37.487992235
마포한강푸르지오,마포구,126.911963367,37.550008515
홍제금호어울림아파트,서대문구,126.940393197,37.58267368
보라매 신동아파밀리에아파트,영등포구,126.905101,37.493128
마곡엠밸리11단지,강서구,126.820729496,37.559467733
서초롯데캐슬프레지던트,서초구,127.019660511793,37.4974114491367
서초포레스타7단지,서초구,127.056494321,37.448100115
래미안 서초에스티지,서초구,127.02517275372,37.4927897082291
용산 KCC 웰츠타워,용산구,126.968950011,37.537777769
파라다이스,중구,127.017270475,37.562344199
번동주공3단지,강북구,127.041121876,37.62797742
번동주공5단지,강북구,127.033892838,37.633145753
창동한승미메이드,도봉구,127.042944378,37.632990238
면목한신,중랑구,127.074317755,37.587052522
중계한신코아,노원구,127.069688315,37.640398746
중계중앙하이츠아쿠아,노원구,127.067516675,37.645135832
서초네이처힐6단지,서초구,127.027067601,37.4611401
강동QV2차,강동구,127.136080344,37.536608565
천호두산위브센티움,강동구,127.12698793,37.539418065
북한산힐스테이트7차제2 (임대),은평구,126.926901586,37.615587553
서울숲2차푸르지오임대,성동구,127.023907927,37.547489032
신촌포스빌,마포구,126.942127375,37.556258728
도봉양우내안애아파트,도봉구,127.049124855,37.683250096
창동수산트리플아파트,도봉구,127.033973318,37.640398847
서울도봉,도봉구,127.050616649,37.682620803
번동주공2단지,강북구,127.044693051,37.625696977
도봉파크빌2단지,도봉구,127.050517346,37.6846182
신도림아이파크아파트,구로구,126.888067266,37.511282818
현대3,강서구,126.876072021,37.552000987
마곡엠밸리3단지,강서구,126.819541663,37.568506277
고척청솔우성,구로구,126.86003199,37.506235837
개봉 푸르지오,구로구,126.848559062,37.499214262
천왕이펜하우스7단지,구로구,126.836853061,37.482105564
천왕이펜하우스3단지,구로구,126.838916341,37.482251607
천왕이펜하우스5단지,구로구,126.84226104,37.479582264
천왕이펜하우스4단지,구로구,126.83906005,37.479903286
상도더샵2차,동작구,126.943490758,37.502851077
대림쌍용플래티넘S,영등포구,126.898035607,37.495288021
상도파크자이 아파트,동작구,126.936814743904,37.5054571009919
압구정하이츠파크,강남구,127.033620937,37.524050617
래미안삼성1차103단지,강남구,127.0638937,37.5168001
래미안삼성1차104단지,강남구,127.064068216,37.516934223
강남자곡아이파크,강남구,127.101704398,37.474094746
도곡동 포스코트 아파트,강남구,127.047802853,37.487968928
논현쌍용,강남구,127.03816801,37.519641919
개포4차현대아파트,강남구,127.077334893,37.490936857
장미3차,송파구,127.103177711,37.518212714
길음현대,성북구,127.019663386,37.607925191
길음뉴타운7단지제2,성북구,127.0192671,37.6092194
청광플러스원큐브3차,강동구,127.136455636,37.536352638
강일리버파크11단지,강동구,127.179448401,37.562219987
LH서초3단지,서초구,127.022174203,37.457565867
동대문푸르지오시티,동대문구,127.033031122,37.577786059
동대문와이즈캐슬,중구,127.015438181,37.565762209
워커힐푸르지오,광진구,127.10927513,37.549872011
현대홈타운12차,광진구,127.102807658,37.545078473
서초네이처힐1단지,서초구,127.019460515,37.46407665
LH서초4단지,서초구,127.023255862,37.457893479
인왕산2차아이파크아파트,종로구,126.959494207,37.576000837
덕수궁롯데캐슬아파트 ,중구,126.970353714468,37.5635869321786
신정숲속마을아파트,양천구,126.831471900625,37.5062441985981
마곡엠밸리8단지,강서구,126.819535,37.563757
상도효성해링턴플레이스,동작구,126.942148701351,37.5057919936089
마곡엠밸리10단지 아파트,강서구,126.818603846,37.559216264
센트라스,성동구,127.028445899926,37.5663379455023
마포한강2차푸르지오,마포구,126.912343994,37.551034901
금천롯데캐슬골드파크1차아파트,금천구,126.894426981405,37.4597543543324
아크로리버파크,서초구,126.993250772,37.504899938
위례중앙푸르지오아파트,송파구,127.141557325873,37.4748092716764
보문파크뷰자이아파트,성북구,127.018504541,37.578039998
서울가좌행복주택 ,마포구,126.913252206,37.569150167
현대썬앤빌청계,동대문구,127.05514947,37.566114225
면목두산6차,중랑구,127.080675138,37.577601274
도봉숲 아뜨리움,도봉구,127.043095482,37.67819466
녹천역두산위브아파트,노원구,127.052573601,37.64131959
포레스트힐시티,종로구,127.001860865,37.574038827
경희궁자이3단지,종로구,126.965171094,37.568854929
경희궁자이2단지 아파트,종로구,126.964152408,37.569205424
한강로우림필유,용산구,126.959849536,37.525620831
한남아이파크,용산구,127.007259146,37.532400862
대성유니드아파트,중랑구,127.096286978,37.602732708
돈암코오롱하늘채아파트,성북구,127.013683635,37.598845928
마포센트럴아이파크,마포구,126.958559679,37.555353944
신공덕e-편한세상,마포구,126.95706655016,37.5419083408628
도림한라,영등포구,126.897141377,37.507753509
금호어울림,영등포구,126.897049075,37.519107615
거평,강남구,127.027679,37.506376
래미안힐스테이트 고덕 ,강동구,127.150901775,37.559120831
강동이루미,강동구,127.14014389,37.543771586
래미안에스티움,영등포구,126.911869059,37.500998074
대치효성,강남구,127.061209114,37.499905774
중계현대2차,노원구,127.084614411,37.648093536
상암DMC엘가,서대문구,126.917815537,37.569890023
방배자이아파트,서초구,126.998967937,37.485967505
트리마제,성동구,127.044437092,37.538534075
경희궁자이1단지(임대아파트),종로구,126.964497043,37.572234844
꿈의숲롯데캐슬아파트,강북구,127.035613592,37.617159235
경희궁자이4단지주상복합,종로구,126.961547023,37.571389503
서초푸르지오써밋,서초구,127.021202557,37.501586389
래미안용산아파트,용산구,126.966626598,37.528817959
관악우정하이비전아파트 1단지,관악구,126.928987037,37.471423323
대치SK VIEW,강남구,127.060987215,37.495928761
왕십리 자이 아파트,성동구,127.024673339,37.561526818
서울역센트럴자이아파트,중구,126.963095629,37.554609078
강변에스케이뷰,광진구,127.090159908,37.538654984
마곡13단지 힐스테이트마스터 아파트,강서구,126.817866875,37.556919366
극동강변아파트,동작구,126.951985017,37.511641432
묵정아파트,중구,127.000070648,37.560705866
래미안강동팰리스,강동구,127.131431454,37.537256476
은평지웰테라스,은평구,126.931359825,37.643916227
힐스테이트 백련산4차 아파트,은평구,126.922119678,37.589428823
아크로타워스퀘어,영등포구,126.908306473,37.522935232
당산롯데캐슬프레스티지 아파트,영등포구,126.903249935,37.528646161
백운한비치2차,금천구,126.909304414,37.453598197
용산푸르지오써밋,용산구,126.964891822,37.527041168
H하우스 대림 뉴스테이,영등포구,126.903450627,37.486095491
옥수파크힐스아파트,성동구,127.012736958,37.547818816
송파레미니스아파트,송파구,127.136922525526,37.506522605093
래미안 프리미어 팰리스,광진구,127.081371623,37.538005998
천왕연지마을1단지 아파트,구로구,126.841255317,37.48817847
프라비다2,관악구,126.950472217,37.479692886
위례포레샤인아파트,송파구,127.134102732,37.476533455
금천롯데캐슬골드파크2차,금천구,126.89431017,37.458265335
북한산 더샵,서대문구,126.941172485,37.594565358
꿈의숲코오롱하늘채아파트,성북구,127.045902701,37.620483346
공릉현대,노원구,127.077220763,37.621023528
서울역한라비발디센트럴아파트,중구,126.965925429,37.554461667
힐스테이트서울숲리버,성동구,127.025765703,37.546449237
묵동자이2단지아파트,중랑구,127.077514596,37.613819141
e편한세상금호파크힐스,성동구,127.02150397,37.554065425
은평뉴타운솔하임,은평구,126.917530474,37.639233488
고덕숲아이파크아파트,강동구,127.164713884,37.553199667
송파호반베르디움더퍼스트,송파구,127.14273705,37.513461955
서울 오류동 행복주택,구로구,126.846646709,37.495585259
e편한세상신촌아파트,서대문구,126.954974315,37.558298572
래미안서초에스티지에스아파트,서초구,127.027121,37.492859
삼성동센트럴아이파크,강남구,127.051321691,37.51579097
순영웰라이빌아파트,영등포구,126.912953086,37.516572774
래미안로이파크아파트,동작구,126.974221693,37.487543475
공릉2차신도브래뉴아파트,노원구,127.071996685,37.625663861
방학금광포란재아파트,도봉구,127.045066203,37.664440604
송파레미니스2단지,송파구,127.13805128,37.506398125
래미안미드카운티,동대문구,127.055655651,37.575339011
아크로리버뷰 신반포 ,서초구,127.006052096,37.513554635
서울숲리버뷰자이아파트,성동구,127.038322773,37.554285428
문래동모아미래도아파트,영등포구,126.886719811,37.517270721
롯데캐슬노블레스,동대문구,127.049051552,37.575918854
상록타워 아파트,광진구,127.10094291,37.542433104
신설동 지웰홈스,동대문구,127.023761854,37.573068713
창동서울가든아파트,도봉구,127.044732251,37.646796059
힐스테이트청계,동대문구,127.046194211,37.571541735
마포한강 아이파크,마포구,126.903368542,37.552087028
반포래미안아이파크,서초구,127.012560435,37.50092246
청광플러스원 아파트,중랑구,127.080174573,37.602556816
천왕이펜하우스8단지,구로구,126.84231695,37.476003774
마포자이 더 센트리지 아파트,마포구,126.946612479,37.55027258
목동롯데캐슬 마에스트로,양천구,126.865458572,37.545586782
독산라이프아파트,금천구,126.892169979,37.461099971
래미안 구의 파크스위트 아파트,광진구,127.090644874,37.545044487
신반포자이아파트,서초구,127.008290077,37.510878519
반포써밋,서초구,127.017679173,37.501311326
DMC센트럴아이파크 ,서대문구,126.92029671,37.580618738
금천롯데캐슬골드파크3차아파트,금천구,126.896692486,37.459972159
방배아트자이,서초구,127.002420894,37.47933498
용산kcc스위첸,용산구,126.95967494,37.540312732
e편한세상화랑대아파트  ,중랑구,127.0818336,37.617182275
항동하버라인8단지,구로구,126.818686643,37.475639025
흑석롯데캐슬에듀포레,동작구,126.960357717,37.504188897
헬리오시티아파트,송파구,127.10249742,37.497609869
래미안베라힐즈아파트,은평구,126.935970375,37.602836004
힐스테이트녹번,은평구,126.935863683,37.601971055
연희파크푸르지오 아파트 ,서대문구,126.927472341,37.575124758
래미안개포루체하임,강남구,127.07887144,37.489499473
답십리파크자이,동대문구,127.058400876,37.567783872
은평스카이뷰자이아파트,은평구,126.917598473,37.635285258
홍제센트럴아이파크,서대문구,126.944466153,37.584634483
길음뉴타운11단지 롯데캐슬골든힐스아파트,성북구,127.016162695,37.608008456
이편한세상 상도노빌리티,동작구,126.94679107,37.50499309
아크로 리버하임,동작구,126.962350726,37.509655803
목동파크자이아파트,양천구,126.868473601,37.508520814
경희궁 롯데캐슬아파트,종로구,126.958629401,37.574366874
백련산파크자이아파트,은평구,126.921501443,37.592799845
은뜨락행복주택,은평구,126.919916212,37.630176147
마포 보성 아파트,마포구,126.946398158,37.536050823
래미안블레스티지,강남구,127.06415056,37.480048959
응암역효성해링턴플레이스,은평구,126.909238193,37.59835762
송파 두산위브아파트,송파구,127.141351507,37.500170631
신정이든채,양천구,126.833734146,37.513049405
래미안길음센터피스,성북구,127.027970717,37.609757966
마포 웨스트리버 태영데시앙아파트,마포구,126.931163,37.550355
송파해모로아파트,송파구,127.117008039,37.529653434
항동하버라인3단지,구로구,126.824445073,37.47890548
e편한세상 염창,강서구,126.870265346,37.54859928
항동 하버라인9단지,구로구,126.825844074,37.480351765
신길센트럴아이파크,영등포구,126.903760265,37.504119233
용산롯데캐슬센터포레아파트,용산구,126.96409798,37.539018916
하버라인10단지,구로구,126.825805093,37.479401069
숲속마을 신동아파밀리에 아파트 ,동작구,126.914866176,37.491973912
래미안장위포레카운티아파트,성북구,127.052266283,37.61790892
신당 파인힐 하나유보라,중구,127.025135005,37.564762927
e편한세상서울대입구 3단지,관악구,126.940428883,37.477667162
이편한세상 서울대입구2단지,관악구,126.943270662,37.476643586
e편한세상서울대입구1단지아파트,관악구,126.943882579,37.478692081
래미안 신반포 리오센트,서초구,127.014053646,37.517949851
래미안솔베뉴,강동구,127.144621707,37.552949018
휘경SK뷰아파트,동대문구,127.064956942,37.594160229
아스하임4차,광진구,127.072083876,37.54746452
신내우디안4단지 아파트,중랑구,127.111451959,37.616754293
항동하버라인2단지,구로구,126.822142466,37.481728058
항동하버라인 11단지 아파트,구로구,126.822333559,37.478041119
신당KCC스위첸아파트,중구,127.024390037,37.562971833
지웰홈스 서초,서초구,127.013335343,37.491940881
백련산 sk뷰 아이파크,은평구,126.919438125,37.595215907
항동하버라인4단지아파트,구로구,126.826861263,37.481265573
래미안아트리치 ,성북구,127.062259791,37.606527377
청담아이파크아파트,강남구,127.05548894,37.525076867
고덕 그라시움 아파트,강동구,127.159176172,37.556179683
석계역 한일노벨리아시티,성북구,127.060802769,37.613654778
래미안퍼스트하이,성북구,127.050405109,37.620513385
꿈의숲 해링턴 플레이스 아파트,강북구,127.033597012,37.620054492
동대문더퍼스트데시앙아파트,동대문구,127.07036542,37.575066938
충무로엘크루메트로시티2,중구,127.000022632,37.563390271
디에이치 아너힐즈,강남구,127.066481237,37.485247196
수서하니움,강남구,127.1047706,37.4869866
나인원 한남,용산구,127.003476,37.536438
S-아파트,강남구,127.0566984,37.5743808
항동 한양수자인 에듀힐즈,구로구,126.8232922,37.4772261
잠실올림픽공원아이파크,송파구,127.1143162,37.5255442
힐스테이트강동리버뷰,강동구,127.1230267,37.5496106
북한산 두산 위브,서대문구,126.945723,37.598029
한양수자인사가정파크아파트,중랑구,127.093493,37.579904
신내글로리움아파트,중랑구,127.0935671,37.6169184
노원 센트럴푸르지오,노원구,127.074769,37.665157
DMC에코자이,서대문구,126.918137,37.576911
항동중흥S클래스베르데카운티,구로구,126.8226571,37.4817659
e편한세상독산더타워아파트,금천구,126.896182,37.465826
고덕롯데캐슬베네루체,강동구,127.167612,37.549416
고덕센트럴 아이파크,강동구,127.1669237,37.5522344
월계센트럴아이파크아파트,노원구,127.057208,37.630376
e편한세상서울대입구아파트,관악구,126.943451,37.47799
보라매 sk뷰,영등포구,126.9151097,37.5011629
오목교벽산블루밍아파트,영등포구,126.882137,37.523073
신길센트럴자이,영등포구,126.907757,37.503061
휘경 해모로 프레스티지 아파트,동대문구,127.062659,37.591618
응암SH빌아파트,은평구,126.9266196,37.5980126
사당롯데캐슬골든포레,동작구,126.962381,37.492635
고덕 아르테온 아파트,강동구,127.1685346,37.5550952
마포그랑자이아파트,마포구,126.94451,37.55557
신촌숲 아이파크 아파트,마포구,126.934264,37.551036
백련산 해모로 아파트,은평구,126.92186,37.596311
래미안루센티아 아파트,서대문구,126.9162819,37.5755277
e편한세상 강동에코포레 아파트,강동구,127.148197,37.541198
구로항동제일풍경채포레스트,구로구,126.8158201,37.4759387
반포센트럴자이아파트,서초구,127.001701,37.507069
이편한세상서울대입구2차(5단지),관악구,126.942051,37.478089
서교동 효성해링턴타워 ,마포구,126.9167103,37.5507398
목동 센트럴 아이파크위브 아파트,양천구,126.843516,37.516804
구로항동우남퍼스트빌,구로구,126.820681,37.4773
녹번역e편한세상캐슬,은평구,126.932044,37.599269
쌍문e-편한세상아파트,도봉구,127.027137,37.649907
송학휴스테이아파트,도봉구,127.036102,37.667052
DMC롯데캐슬더퍼스트,은평구,126.891951,37.584794
목동금호타운아파트,양천구,126.867077,37.535931
대림 우성2차,영등포구,126.89981,37.495928
현대까르띠에710아파트,강남구,127.044591,37.50172
삼성동한일아파트,강남구,127.049817,37.514107
대치롯데캐슬아파트,강남구,127.056706,37.505115
남해오네뜨아파트,동작구,126.965263,37.48705
월계우남아파트,노원구,127.06754,37.61582
롯데캐슬노블,강남구,127.035424,37.492491
롯데캐슬리베아파트,강남구,127.053809,37.496298
로데오현대아파트,강남구,127.0373,37.52667
황학코아루,중구,127.022403,37.566612
대치1차현대아파트,강남구,127.0651317,37.4997456
상일우성타운,강동구,127.159188,37.546536
당산센트럴아이파크,영등포구,126.9027572,37.5299889
매봉삼성아파트,강남구,127.04872,37.489193
이편한세상 송파파크센트럴,송파구,127.150756,37.493915
금강주택,종로구,126.9689263,37.6082039
상도동 롯데캐슬 비엔,동작구,126.943431,37.496497
상계 대창센시티,노원구,127.051265,37.6714122
상계중앙하이츠아파트,노원구,127.051626,37.6722176
해주드림빌아파트,은평구,126.92309,37.60383
아임2030(청년주택),강서구,126.8646206,37.5516066
순화동포스코더샵,중구,126.971987,37.559937
신한토탈아파트,동작구,126.93323,37.51196
광장자이아파트,광진구,127.095002,37.542673
신림2차금호타운,관악구,126.944463,37.468169
사가정 센트럴 아이파크 아파트,중랑구,127.081924,37.582679
현진에버빌아파트,동작구,126.907035,37.485921
e편한세상 영등포 아델포레,영등포구,126.906944,37.494512
힐스테이트신촌,서대문구,126.951063,37.562291
면목 라온 프라이빗 아파트,중랑구,127.078897,37.58231
장위우방아파트,성북구,127.054781,37.610125
용산센트럴파크,용산구,126.967663,37.526093
동익빌라,종로구,126.958162,37.604131
구의세양아파트 ,광진구,127.094011,37.537557
서희스타힐스,관악구,126.959534,37.488633
관악월드메르디앙아파트,관악구,126.959046,37.483625
청담2차e편한세상아파트,강남구,127.045392,37.521414
세양청마루,노원구,127.060832,37.620752
신림서초아파트,관악구,126.93199,37.463651
공덕SK리더스뷰 2단지,마포구,126.9492355,37.5451058
태흥아파트,관악구,126.93104,37.46601
인왕산어울림 아파트,서대문구,126.95112,37.583841
힐스테이트클래시안아파트,영등포구,126.912117,37.503998
종암sh빌아파트,성북구,127.0301269,37.5973644
DMC문영퀸즈파크,은평구,126.907735,37.587619
서초센트럴아이파크,서초구,127.0091283,37.4871871
위례포레샤인18단지,송파구,127.1522144,37.486816
포레나영등포센트럴아파트,영등포구,126.905671,37.523206
개포래미안포레스트,강남구,127.054031,37.47848
고덕센트럴푸르지오,강동구,127.17017,37.557703
포레나노원 아파트,노원구,127.062369,37.663938
래미안리더스원,서초구,127.028121,37.490773
북한산두산위브2차,서대문구,126.944439,37.600043
신마곡 벽산 블루밍 ,강서구,126.808283,37.571185
논현 기린힐스,강남구,127.030891,37.512999
아크로 서울포레스트,성동구,127.043853,37.544798
e편한세상 문래 에듀플라츠,영등포구,126.885457,37.520028
꿈의숲아이파크아파트,성북구,127.047983,37.618675
위례포레샤인13단지아파트,송파구,127.1370619,37.4825792
고덕자이 아파트,강동구,127.1708,37.552393
신길파크자이,영등포구,126.913341,37.503191
강동리버스트4단지,강동구,127.1731,37.572621
방학지음재힐스,도봉구,127.044813,37.66744
쌍용더플래티넘용마산,중랑구,127.085956,37.572678
센터스퀘어등촌,강서구,126.8510294,37.5533338
삼성동대성유니드,강남구,127.05402,37.50865
강동리버스트 8단지,강동구,127.175428,37.5719395
북가좌 신일해피트리아파트,서대문구,126.904045,37.575195
마곡엠밸리9단지,강서구,126.818592,37.561735
강동리엔파크11단지,강동구,127.144817,37.554724
강동 리버스트 7단지 아파트,강동구,127.1733082,37.570719
공덕SK리더스뷰 1단지,마포구,126.94684,37.5451652
래미안 목동아델리체,양천구,126.851496,37.518826
상도역롯데캐슬파크엘,동작구,126.947169,37.500753
삼정아트테라스정동,중구,126.9682218,37.5635216
마포프레스티지자이아파트,마포구,126.947802,37.553719
용산 베르디움 프렌즈,용산구,126.9678516,37.5311678
영등포 중흥S-클래스,영등포구,126.886278,37.5234
힐스테이트녹번역아파트,은평구,126.934656,37.59962
독산역 롯데캐슬아파트 ,금천구,126.8904329,37.4644259
디에이치포레센트아파트,강남구,127.078684,37.490232
디에이치반포라클라스,서초구,127.010446,37.5007631
신내역 금강펜테리움 센트럴파크아파트,중랑구,127.109111,37.609041
위례포레샤인15단지,송파구,127.144078,37.485795
디에이치 자이 개포,강남구,127.075083,37.490791
서초그랑자이,서초구,127.025992,37.489133
자양호반써밋아파트,광진구,127.0682832,37.5376553
우장산역 해링턴타워,강서구,126.8352954,37.5459315
이수푸르지오더프레티움,동작구,126.9779437,37.4930871
방배그랑자이아파트,서초구,126.9962367,37.4767899
래미안 라클래시,강남구,127.0481649,37.5177334
포레나송파,송파구,127.1440562,37.4863348
대치르엘,강남구,127.0624654,37.5016593
보라매자이 더 포레스트,동작구,126.9253834,37.4985576
DMC SK뷰 1단지 아파트,은평구,126.8959227,37.5810965
송파위례리슈빌,송파구,127.1448757,37.4838484
e편한세상 청계 센트럴포레,동대문구,127.0289736,37.57198
강남파라곤,강남구,127.038377,37.5167702
신사삼성래미안아파트,강남구,127.0203797,37.5210145
셀립은평,은평구,126.9295434,37.6120607
양원역 금호어울림포레스트아파트,중랑구,127.1097437,37.6076201
신내역 힐데스하임아파트,중랑구,127.1044359,37.6101369
개포더샵트리에,강남구,127.0563943,37.484892
태릉해링턴플레이스,노원구,127.0815267,37.6260014
청년주택 와이엔타워,노원구,127.0752036,37.6193335
E편한세상백련산아파트,은평구,126.923922,37.595555
어바니엘 천호,강동구,127.1287007,37.538079
홍제역 해링턴플레이스아파트,서대문구,126.947405,37.590313
중랑숲시티프라디움,중랑구,127.108403,37.607621
광진그랜드파크,광진구,127.0757555,37.544273
삼성석탑아파트,강남구,127.0434776,37.5175602
엘크루발산아파트,강서구,126.8412062,37.5591923
롯데캐슬클라시아,성북구,127.0252576,37.6089258
송파레이크파크호반써밋1차,송파구,127.1365419,37.4845395
송파레이크파크 호반 써밋2,송파구,127.1422995,37.4844494
인히어쌍문아파트,도봉구,127.0326268,37.6458626
이수스위첸포레힐즈아파트,동작구,126.982985,37.498185
위례중앙푸르지오아파트,송파구,127.1398694,37.4753593
청계푸르지오시티,동대문구,127.050522,37.569139
송파 시그니처 롯데캐슬아파트,송파구,127.146583,37.4958575
DMC센트럴자이,은평구,126.9025224,37.58032
대방동신일해피트리 아파트 ,동작구,126.92751,37.51395
용산데시앙포레아파트,용산구,126.962886,37.548159
꿈의숲한신더휴아파트,강북구,127.03301117,37.620171
강남센트럴아이파크,강남구,127.04579317,37.500586
LH서울양원1단지,중랑구,127.1062377,37.6085921
용산원효루미니,용산구,126.969359,37.541377
에드가 쌍문 청년주택,도봉구,127.0136945,37.6565952
구산주택,은평구,126.9149094,37.6122329
더샵파크프레스티지,영등포구,126.916553,37.507791
DMC금호리첸시아,서대문구,126.916165,37.570789
힐데스하임천호아파트,강동구,127.126208,37.542051
보문리슈빌하우트,성북구,127.019614,37.587191
우림 루미아트,마포구,126.90111,37.5597
반포 르엘 아파트,서초구,127.002832,37.507594
힐스테이트뉴포레,관악구,126.90515,37.484267
래미안 엘리니티,동대문구,127.028506,37.579598
신정동 보람쉬움아파트,양천구,126.855503,37.525512
힐스테이트 창경궁,종로구,127.0048983,37.5753028
장위지웰에스테이트,성북구,127.0562046,37.6178424
개포6차우성아파트,강남구,127.05721,37.476763
서대문푸르지오센트럴파크,서대문구,126.9503248,37.5815054
동작협성휴포레시그니처아파트,동작구,126.9055334,37.4865084
가양역두산위브아파트,강서구,126.8545567,37.5562926
개포상록스타힐스,강남구,127.0758235,37.4882004
우장산숲 아이파크,강서구,126.839264,37.545048
영등포자이르네,영등포구,126.904871,37.488308
마포더클래시,마포구,126.9488538,37.5561542
힐스테이트 홍은포레스트 아파트,서대문구,126.9256542,37.5860638
한일휴니스빌,노원구,127.0743905,37.6175151
호반베르디움 스테이원,은평구,126.9273998,37.6128803
반포르엘2차,서초구,127.0023236,37.5088381
e편한세상 홍제가든플라츠,서대문구,126.9406927,37.5930092
청량리역해링턴플레이스,동대문구,127.0424625,37.5783497
용마산모아엘가파크포레,중랑구,127.0957516,37.5855607
회기역 하트리움,동대문구,127.0585367,37.5886592
힐스테이트세운센트럴1단지,중구,126.9937631,37.5677369
세운푸르지오헤리시티,중구,126.9966,37.5645412
힐스테이트세운센트럴2단지,중구,126.9944136,37.5681001
자양하늘채베르,광진구,127.0846261,37.5328319
칸타빌수유팰리스,강북구,127.025479,37.6421993
호반써밋목동아파트,양천구,126.852912,37.51643
신목동파라곤아파트,양천구,126.8439844,37.5231839
청량리역 한양수자인 그라시엘,동대문구,127.0430027,37.577315
디아크리온강남 아파트,강남구,127.1071081,37.4769648
공덕동 크로시티 행복주택,마포구,126.9497275,37.5466768
DMC파인시티자이,은평구,126.8960815,37.5835982
지와인 아파트,강서구,126.8665061,37.5540141
